,composite index
2012-09-30,0.004846273000000001
2012-10-01,-0.0019368017556637973
2012-10-02,0.00038959516453296317
2012-10-03,-0.0003891403429451268
2012-10-04,-0.0021431221399730305
2012-10-05,-0.0015685526415737765
2012-10-06,0.0
2012-10-07,0.0
2012-10-08,0.0
2012-10-09,-0.0017730418295400046
2012-10-10,-0.0017824346603859305
2012-10-11,0.0005973093366408536
2012-10-12,0.00019889522420187453
2012-10-13,0.0
2012-10-14,0.0
2012-10-15,0.0015891165238723175
2012-10-16,0.0029656441288978077
2012-10-17,-0.0023516342611366037
2012-10-18,-0.000789369056750607
2012-10-19,-0.0013847117949800463
2012-10-20,0.0
2012-10-21,0.0
2012-10-22,-0.0019866104924184023
2012-10-23,-0.0007993071816526642
2012-10-24,0.001447548177548219
2012-10-25,0.0012012726617297946
2012-10-26,0.0003989171723021527
2012-10-27,0.0
2012-10-28,0.0
2012-10-29,0.0
2012-10-30,0.0013946596262116955
2012-10-31,0.0038191391874397413
2012-11-01,0.0017761722089850718
2012-11-02,-0.0015705001884536163
2012-11-03,0.0
2012-11-04,0.0
2012-11-05,-0.002958535825808147
2012-11-06,-0.0005969763804379857
2012-11-07,-0.0007973570836237917
2012-11-08,-0.0023981633682416494
2012-11-09,0.00020129516341471643
2012-11-10,0.0
2012-11-11,0.0
2012-11-12,0.000402347355099882
2012-11-13,-0.0018083504463723237
2012-11-14,-0.0028282600469252683
2012-11-15,-0.002445011170091068
2012-11-16,0.0010262773865128416
2012-11-17,0.0
2012-11-18,0.0
2012-11-19,0.004501711679525992
2012-11-20,-0.0012114888122116696
2012-11-21,-0.00020258106404602572
2012-11-22,0.0010583289557712188
2012-11-23,0.00081149489609178
2012-11-24,0.0
2012-11-25,0.0
2012-11-26,0.00020238103050303677
2012-11-27,-0.0006065650673922433
2012-11-28,-0.001013374758754219
2012-11-29,0.0006097646115405345
2012-11-30,0.00602604374160548
2012-12-01,0.0
2012-12-02,0.0
2012-12-03,-0.00020164891454181136
2012-12-04,-0.001615423265735901
2012-12-05,0.008724050734050545
2012-12-06,0.0005929814217791041
2012-12-07,0.0003946968613856387
2012-12-08,0.0
2012-12-09,0.0
2012-12-10,0.0003941716874233947
2012-12-11,0.00019702796476583906
2012-12-12,0.0037386687717180975
2012-12-13,0.0005837791841335113
2012-12-14,-0.0019425477636700512
2012-12-15,0.0
2012-12-16,0.0
2012-12-17,-0.0007816143386585317
2012-12-18,0.003133689651638886
2012-12-19,-0.0029102857751196845
2012-12-20,0.0013699660290502624
2012-12-21,-0.002144202441109355
2012-12-22,0.0
2012-12-23,0.0
2012-12-24,0.0008269244365698795
2012-12-25,0.0
2012-12-26,0.0
2012-12-27,0.0015715799649314022
2012-12-28,0.0003908349887294567
2012-12-29,0.0
2012-12-30,0.0028129396666666667
2012-12-31,0.004343502269442392
2013-01-01,0.0
2013-01-02,-0.0005818210776613227
2013-01-03,-0.004661962180779559
2013-01-04,0.0013790428211205945
2013-01-05,0.0
2013-01-06,0.0
2013-01-07,0.0009809721785928687
2013-01-08,-0.00019558988949745318
2013-01-09,0.0005871141692788869
2013-01-10,0.00019527415785606608
2013-01-11,-0.00019515982884240243
2013-01-12,0.0
2013-01-13,0.0
2013-01-14,0.000781615440994976
2013-01-15,0.001364497781742191
2013-01-16,0.000970459201293202
2013-01-17,0.00019363120385840205
2013-01-18,-0.001354089300888021
2013-01-19,0.0
2013-01-20,0.0
2013-01-21,0.0011653042890687655
2013-01-22,0.0
2013-01-23,0.0007745248154335341
2013-01-24,0.0016866489728631546
2013-01-25,-0.0013502019860673526
2013-01-26,0.0
2013-01-27,0.0
2013-01-28,-0.00019370300724060505
2013-01-29,-0.0013565670609217244
2013-01-30,0.0005836227356954549
2013-01-31,0.0029713945540250624
2013-02-01,0.0009682873512106838
2013-02-02,0.0
2013-02-03,0.0
2013-02-04,-0.0015447667355405297
2013-02-05,0.0021341966256617586
2013-02-06,-0.0007712552857545759
2013-02-07,0.0007730439284023097
2013-02-08,-0.0009641186828314163
2013-02-09,0.0
2013-02-10,0.0
2013-02-11,-0.0001932523781449739
2013-02-12,0.0017411615986097455
2013-02-13,-0.0007698912565364072
2013-02-14,0.0003858934760532969
2013-02-15,-0.0007708378774999488
2013-02-16,0.0
2013-02-17,0.0
2013-02-18,0.0
2013-02-19,0.0007726245823795145
2013-02-20,-0.0005781708769715029
2013-02-21,0.00032947854496812035
2013-02-22,0.0001935761943894961
2013-02-23,0.0
2013-02-24,0.0
2013-02-25,-0.0007737421083911696
2013-02-26,0.0001938571962175247
2013-02-27,-0.000775318479964963
2013-02-28,0.003942530772991298
2013-03-01,-0.0005793262888115954
2013-03-02,0.0
2013-03-03,0.0
2013-03-04,-0.00019346384440521724
2013-03-05,0.0003871240550268329
2013-03-06,-0.0015468414302870492
2013-03-07,-0.0009711232223583721
2013-03-08,-0.0001948776937157337
2013-03-09,0.0
2013-03-10,0.0
2013-03-11,0.001754497241997462
2013-03-12,0.0003876576260525659
2013-03-13,-0.0013557075543188708
2013-03-14,0.0007780041203958957
2013-03-15,-0.0011642461167727565
2013-03-16,0.0
2013-03-17,0.0
2013-03-18,0.00019479237754486492
2013-03-19,-0.0009731082330197335
2013-03-20,0.0007807087635801254
2013-03-21,-0.0006450520370665144
2013-03-22,-0.0005875090018086689
2013-03-23,0.0
2013-03-24,0.0
2013-03-25,0.0007847189058387549
2013-03-26,0.00039139514003383447
2013-03-27,0.0
2013-03-28,0.0033235982688670784
2013-03-29,0.0
2013-03-30,0.005625879
2013-03-31,0.002
2013-04-01,-0.00135509282656802
2013-04-02,0.0011662249753224458
2013-04-03,-0.002130483561652019
2013-04-04,0.0015595412488044562
2013-04-05,0.0003878645880451466
2013-04-06,0.0
2013-04-07,0.0
2013-04-08,0.0032946419663317053
2013-04-09,0.0005758388526400093
2013-04-10,-0.0009580577077475579
2013-04-11,-0.000384148434462069
2013-04-12,0.0
2013-04-13,0.0
2013-04-14,0.0
2013-04-15,-0.002308194937546674
2013-04-16,0.0015496864749056833
2013-04-17,-0.0023134495960935495
2013-04-18,0.001746987027630616
2013-04-19,0.0017381041318323593
2013-04-20,0.0
2013-04-21,0.0
2013-04-22,0.0019213584232625387
2013-04-23,0.003469522428279692
2013-04-24,0.0009488345718790351
2013-04-25,-0.00018923926967991575
2013-04-26,-0.000378638527729791
2013-04-27,0.0
2013-04-28,0.0
2013-04-29,0.0018949876671756627
2013-04-30,0.0184530459056708
2013-05-01,-0.0033353881702074353
2013-05-02,0.00037452269973840363
2013-05-03,0.000373640616071332
2013-05-04,0.0
2013-05-05,0.0
2013-05-06,-0.00018671965793348733
2013-05-07,0.0
2013-05-08,-0.0005605000745451486
2013-05-09,-0.003368855205684714
2013-05-10,-0.00037801684140437164
2013-05-11,0.0
2013-05-12,0.0
2013-05-13,0.002649782160465556
2013-05-14,0.00037570690604948886
2013-05-15,-0.0009378009834237014
2013-05-16,-0.00037628805823830547
2013-05-17,-0.0009415370373927479
2013-05-18,0.0
2013-05-19,0.0
2013-05-20,0.0
2013-05-21,0.0015106276941514452
2013-05-22,-0.0013159111342744279
2013-05-23,-0.0026424725675982343
2013-05-24,0.0009736008520120354
2013-05-25,0.0
2013-05-26,0.0
2013-05-27,-0.00019023375406631202
2013-05-28,-0.0011429643655728923
2013-05-29,-0.006498446258337546
2013-05-30,-0.002923814202370275
2013-05-31,0.0005898403595009687
2013-06-01,0.0
2013-06-02,0.0
2013-06-03,-0.0019747953205891213
2013-06-04,-0.003575505470810684
2013-06-05,-0.0034136409401304504
2013-06-06,0.0008115117108744574
2013-06-07,0.0018215035524036989
2013-06-08,0.0
2013-06-09,0.0
2013-06-10,-0.0034220029016206834
2013-06-11,-0.006914730194165775
2013-06-12,-0.006022825322640091
2013-06-13,0.006556672025932686
2013-06-14,0.00020749039422181723
2013-06-15,0.0
2013-06-16,0.0
2013-06-17,0.0020728628473406876
2013-06-18,-0.0008240507197894154
2013-06-19,-0.004125351553725731
2013-06-20,-0.009236013747402386
2013-06-21,-0.0028066035569327776
2013-06-22,0.0
2013-06-23,0.0
2013-06-24,-0.004354387794914112
2013-06-25,0.007279921890151512
2013-06-26,0.0002157943731850113
2013-06-27,0.0062567265692112795
2013-06-28,0.0032374579939824454
2013-06-29,0.0
2013-06-30,0.019837943666666667
2013-07-01,0.0
2013-07-02,0.0008438752313491005
2013-07-03,-0.003787940183344385
2013-07-04,0.0010643666424399179
2013-07-05,-0.00021223861177643855
2013-07-06,0.0
2013-07-07,0.0
2013-07-08,-0.0038216878057486894
2013-07-09,0.0004296739056961485
2013-07-10,-0.00021456037985882284
2013-07-11,0.00772691975588824
2013-07-12,-0.001048809188709791
2013-07-13,0.0
2013-07-14,0.0
2013-07-15,-0.0006313688931124014
2013-07-16,0.0002108658176626458
2013-07-17,0.0006321063528739549
2013-07-18,-0.0016824568571833416
2013-07-19,0.0004227708456712165
2013-07-20,0.0
2013-07-21,0.0
2013-07-22,-0.002533290120211159
2013-07-23,-0.0010635033165213488
2013-07-24,-0.0041787356283629435
2013-07-25,-0.00043411966753170717
2013-07-26,-0.00043440487889301327
2013-07-27,0.0
2013-07-28,0.0
2013-07-29,0.0010878043806010762
2013-07-30,0.0006505222027031928
2013-07-31,0.0004514892901816411
2013-08-01,-0.006088290756805541
2013-08-02,0.000886060062923244
2013-08-03,0.0
2013-08-04,0.0
2013-08-05,0.0
2013-08-06,-0.0015463673344725537
2013-08-07,0.0006657447926229724
2013-08-08,0.001328994654912356
2013-08-09,0.0015442889888925098
2013-08-10,0.0
2013-08-11,0.0
2013-08-12,-0.001976308645671406
2013-08-13,0.0006626246058051658
2013-08-14,-0.004409187243860746
2013-08-15,-0.0015637625545455263
2013-08-16,0.0017955992149814766
2013-08-17,0.0
2013-08-18,0.0
2013-08-19,-0.0011161563967129935
2013-08-20,0.0029119174415514295
2013-08-21,-0.005107466558596434
2013-08-22,0.0006765225677484535
2013-08-23,0.0032779995525709835
2013-08-24,0.0
2013-08-25,0.0
2013-08-26,-0.0029104122783664512
2013-08-27,0.001355165970771936
2013-08-28,-0.0015745449172132053
2013-08-29,0.000903927063783098
2013-08-30,0.0008397652703454921
2013-08-31,0.0
2013-09-01,0.0
2013-09-02,0.0
2013-09-03,0.0022614480796383507
2013-09-04,0.00044915828835323524
2013-09-05,-0.00044855387328338975
2013-09-06,-0.0017969864925514445
2013-09-07,0.0
2013-09-08,0.0
2013-09-09,0.002032635920698874
2013-09-10,0.0026935195575809403
2013-09-11,-0.0002226129757667561
2013-09-12,-0.0011140317721785031
2013-09-13,0.000447113377210225
2013-09-14,0.0
2013-09-15,0.0
2013-09-16,0.004242030946308928
2013-09-17,-0.0011022744408305158
2013-09-18,0.006108956796201381
2013-09-19,0.002617829913834413
2013-09-20,-0.006493377208919737
2013-09-21,0.0
2013-09-22,0.0
2013-09-23,0.00022059309808260727
2013-09-24,0.0015442612954695474
2013-09-25,-0.0015371400577786816
2013-09-26,-0.0011028956988166823
2013-09-27,0.001327988100076949
2013-09-28,0.0
2013-09-29,0.0
2013-09-30,-0.0037532812473065925
2013-10-01,0.00044169882217108086
2013-10-02,-0.0011028956988166823
2013-10-03,-0.00199212397194537
2013-10-04,-0.0017812119425663446
2013-10-05,0.0
2013-10-06,0.0
2013-10-07,0.002014804195222153
2013-10-08,-0.0004452272992772806
2013-10-09,0.0017826565739141504
2013-10-10,-0.00044335653941429687
2013-10-11,-0.0013315882603584332
2013-10-12,0.0
2013-10-13,0.0
2013-10-14,0.0
2013-10-15,0.003119585551065285
2013-10-16,0.00132459586011698
2013-10-17,0.005057097294967727
2013-10-18,0.0047647147425542435
2013-10-19,0.0
2013-10-20,0.0
2013-10-21,-0.002562245720243328
2013-10-22,0.0023670851013239957
2013-10-23,0.000854639068487891
2013-10-24,8.56095114989408e-05
2013-10-25,0.00021398399516218505
2013-10-26,0.0
2013-10-27,0.0
2013-10-28,-0.00021384671583835058
2013-10-29,-0.0006417396094812178
2013-10-30,-0.0019293276188830921
2013-10-31,0.0021821892718356605
2013-11-01,0.0017239223064087945
2013-11-02,0.0
2013-11-03,0.0
2013-11-04,0.000642977481835505
2013-11-05,-0.004492844733813876
2013-11-06,-0.003253183318037811
2013-11-07,-0.0017518971509752717
2013-11-08,-0.0015413564105006827
2013-11-09,0.0
2013-11-10,0.0
2013-11-11,-0.0015484227611307633
2013-11-12,0.00044461074674180995
2013-11-13,0.001775381649306092
2013-11-14,0.002207610625092634
2013-11-15,0.003289380492802918
2013-11-16,0.0
2013-11-17,0.0
2013-11-18,0.000868606961000884
2013-11-19,-0.0019493552781079486
2013-11-20,-0.001307060390688286
2013-11-21,0.0006560873855173307
2013-11-22,-0.0005699809045717578
2013-11-23,0.0
2013-11-24,0.0
2013-11-25,-0.0006587109099122449
2013-11-26,-0.001980263050990194
2013-11-27,0.0017708090615190149
2013-11-28,0.00044020741824894277
2013-11-29,-0.0021987551720347534
2013-11-30,0.0019666666666666665
2013-12-01,0.0
2013-12-02,-0.0024347061823133767
2013-12-03,-0.002452557441700587
2013-12-04,-0.00022456913889064753
2013-12-05,-0.0013486723507631175
2013-12-06,0.005641983578091499
2013-12-07,0.0
2013-12-08,0.0
2013-12-09,0.0011096404906461022
2013-12-10,-0.00022117302727312863
2013-12-11,-0.003319891924887538
2013-12-12,-0.0004473767812555411
2013-12-13,0.00156714858998989
2013-12-14,0.0
2013-12-15,0.0
2013-12-16,-0.0008912285802296452
2013-12-17,0.00022339657118923087
2013-12-18,0.005358462850300875
2013-12-19,0.002636641459798398
2013-12-20,-0.001089953302712443
2013-12-21,0.0
2013-12-22,0.0
2013-12-23,-0.0028434842350831824
2013-12-24,0.00044120617038186555
2013-12-25,0.0
2013-12-26,0.0
2013-12-27,0.00044236516122516295
2013-12-28,0.0
2013-12-29,0.0
2013-12-30,0.00909858242776147
2013-12-31,0.005687345358060585
2014-01-01,0.0
2014-01-02,-0.0015150247566078079
2014-01-03,0.0019568351237958894
2014-01-04,0.0
2014-01-05,0.0
2014-01-06,0.002161804832937042
2014-01-07,-0.0006443836381837912
2014-01-08,-0.00021523075879089268
2014-01-09,0.000430769929696595
2014-01-10,0.003010529791416916
2014-01-11,0.0
2014-01-12,0.0
2014-01-13,-0.002557339977920773
2014-01-14,-0.0015034913352588812
2014-01-15,-0.003236273648790459
2014-01-16,0.00021790357820291226
2014-01-17,-0.0006531918066045398
2014-01-18,0.0
2014-01-19,0.0
2014-01-20,0.0013089179134279465
2014-01-21,0.0013037065291075696
2014-01-22,0.0010823214597332302
2014-01-23,-0.0019416670831608658
2014-01-24,-0.002398167176133762
2014-01-25,0.0
2014-01-26,0.0
2014-01-27,0.0
2014-01-28,-0.0002195475604702309
2014-01-29,-0.0004395075779985251
2014-01-30,0.003960451733567479
2014-01-31,0.0032713365354142946
2014-02-01,0.0
2014-02-02,0.0
2014-02-03,-0.0021660631208406667
2014-02-04,0.0002180291719551993
2014-02-05,0.0047931403680554485
2014-02-06,0.0
2014-02-07,0.0002147378421123817
2014-02-08,0.0
2014-02-09,0.0
2014-02-10,0.00042928934357200355
2014-02-11,0.0004286771604482542
2014-02-12,-0.0004281265761932514
2014-02-13,0.0012862115599670727
2014-02-14,0.0025623857439207587
2014-02-15,0.0
2014-02-16,0.0
2014-02-17,0.0
2014-02-18,0.002119155743779929
2014-02-19,-0.00021068002683473827
2014-02-20,-0.00042136103064497704
2014-02-21,-0.00042387340062377543
2014-02-22,0.0
2014-02-23,0.0
2014-02-24,-0.003182477104318552
2014-02-25,0.0012852140129177385
2014-02-26,0.0004266204243680664
2014-02-27,0.0017053105083989124
2014-02-28,0.004511110190903291
2014-03-01,0.0
2014-03-02,0.0
2014-03-03,-0.0029460978723069666
2014-03-04,0.0016984667128816522
2014-03-05,-0.0019012391503566335
2014-03-06,0.00042492450993540193
2014-03-07,0.0006367083668057383
2014-03-08,0.0
2014-03-09,0.0
2014-03-10,-0.0010590689297214073
2014-03-11,0.001487102523898794
2014-03-12,-0.000211444900413064
2014-03-13,0.0002115791123860807
2014-03-14,0.0008461333856462083
2014-03-15,0.0
2014-03-16,0.0
2014-03-17,-0.0004219072773256431
2014-03-18,0.0012674436925368404
2014-03-19,-0.001691023101682898
2014-03-20,-0.00042496297494602303
2014-03-21,0.00021287080472043307
2014-03-22,0.0
2014-03-23,0.0
2014-03-24,0.00042517488459033653
2014-03-25,0.0010613179612088224
2014-03-26,-0.000634722706710685
2014-03-27,0.0008481273018422867
2014-03-28,0.002538041863279069
2014-03-29,0.0
2014-03-30,0.012455998000000001
2014-03-31,0.004275736012212607
2014-04-01,-0.0008339219041075818
2014-04-02,-0.0006268795510759503
2014-04-03,-0.0006280897630230875
2014-04-04,0.0
2014-04-05,0.0
2014-04-06,0.0
2014-04-07,0.001258521863436816
2014-04-08,0.002298848374556295
2014-04-09,-0.001037614295919309
2014-04-10,0.0
2014-04-11,0.0035392629379615106
2014-04-12,0.0
2014-04-13,0.0
2014-04-14,0.0014421551355009072
2014-04-15,0.001230783525400625
2014-04-16,0.002043731236820593
2014-04-17,-0.0004062328654425018
2014-04-18,0.0
2014-04-19,0.0
2014-04-20,0.0
2014-04-21,-0.0002034066076919879
2014-04-22,-0.0006105359372511702
2014-04-23,-0.00231322571759481
2014-04-24,0.0026800203864798533
2014-04-25,-0.002249594192652619
2014-04-26,0.0
2014-04-27,0.0
2014-04-28,0.0010293897371527934
2014-04-29,-0.00020518171048866662
2014-04-30,0.0023774531499179538
2014-05-01,-0.0012308142592560856
2014-05-02,-0.0008235743908229601
2014-05-03,0.0
2014-05-04,0.0
2014-05-05,0.0012384641709285809
2014-05-06,-0.0006170251713359942
2014-05-07,0.0037083902999643184
2014-05-08,-0.0016299201090780684
2014-05-09,0.0014330819249836295
2014-05-10,0.0
2014-05-11,0.0
2014-05-12,0.002242603102304767
2014-05-13,-0.0020250088820843817
2014-05-14,0.0002037611331551966
2014-05-15,0.0036651220561966604
2014-05-16,0.0014099257817473305
2014-05-17,0.0
2014-05-18,0.0
2014-05-19,0.0
2014-05-20,0.0
2014-05-21,-0.002607345455172383
2014-05-22,-0.0002020989515467327
2014-05-23,-0.0002640844701307839
2014-05-24,0.0
2014-05-25,0.0
2014-05-26,-0.00040647035678746207
2014-05-27,0.0002035253241553144
2014-05-28,0.0004067182839730214
2014-05-29,0.0006093758833433475
2014-05-30,-0.0022303846893096946
2014-05-31,0.0019666666666666665
2014-06-01,0.0
2014-06-02,0.0030619750940478565
2014-06-03,0.0008089385031897489
2014-06-04,-0.0008069801113396539
2014-06-05,0.0014158094246012887
2014-06-06,0.0
2014-06-07,0.0
2014-06-08,0.0
2014-06-09,-0.0008056002957259611
2014-06-10,-0.002220955550292114
2014-06-11,-0.001422800119425971
2014-06-12,-0.001428702558540773
2014-06-13,-0.0010251364993374423
2014-06-14,0.0
2014-06-15,0.0
2014-06-16,-0.0012337605967791172
2014-06-17,0.0014448531064115144
2014-06-18,0.0015889907218828252
2014-06-19,-0.0006162353132084982
2014-06-20,0.003498082279563682
2014-06-21,0.0
2014-06-22,0.0
2014-06-23,-0.0020362896320970845
2014-06-24,-0.00020489740175437068
2014-06-25,0.0018449017437303834
2014-06-26,0.0010193908102408649
2014-06-27,0.001016366424836675
2014-06-28,0.0
2014-06-29,0.0
2014-06-30,0.007437807446568912
2014-07-01,0.0
2014-07-02,-0.0008120468776614173
2014-07-03,-0.001627976253488835
2014-07-04,-0.0004089565091613956
2014-07-05,0.0
2014-07-06,0.0
2014-07-07,-0.001433288446942349
2014-07-08,-0.0010281945507464678
2014-07-09,0.00041249947197008474
2014-07-10,0.0022662112725436354
2014-07-11,0.0006137973498809846
2014-07-12,0.0
2014-07-13,0.0
2014-07-14,-0.0006126691857133068
2014-07-15,-0.00020456171789436559
2014-07-16,0.002047434640174798
2014-07-17,0.0006104806344580105
2014-07-18,-0.00020317722739963498
2014-07-19,0.0
2014-07-20,0.0
2014-07-21,0.00020330114588906767
2014-07-22,0.0018280103238645928
2014-07-23,0.0012121652173465354
2014-07-24,0.0009904882173206915
2014-07-25,-0.0012090917116324522
2014-07-26,0.0
2014-07-27,0.0
2014-07-28,0.0016179543678334813
2014-07-29,0.0
2014-07-30,-0.002415400797936562
2014-07-31,0.002966941289436422
2014-08-01,0.0018382672238261843
2014-08-02,0.0
2014-08-03,0.0
2014-08-04,0.0
2014-08-05,0.0008125390547795153
2014-08-06,0.00040514330350423694
2014-08-07,-0.0008094963444199946
2014-08-08,0.0006086071608603453
2014-08-09,0.0
2014-08-10,0.0
2014-08-11,0.0016201143973758974
2014-08-12,-0.0010075810113592265
2014-08-13,0.00040427091763980033
2014-08-14,0.0012113711799048115
2014-08-15,-0.00020128313743787243
2014-08-16,0.0
2014-08-17,0.0
2014-08-18,0.0020130034383885795
2014-08-19,0.0018007240914443834
2014-08-20,0.00039799569465966594
2014-08-21,0.0
2014-08-22,-1.9861130002222598e-05
2014-08-23,0.0
2014-08-24,0.0
2014-08-25,-0.001996108234738836
2014-08-26,0.0010040121998127944
2014-08-27,0.0002002266477473628
2014-08-28,-0.0006002921439900074
2014-08-29,-0.00020038571934851332
2014-08-30,0.0
2014-08-31,0.0019333333333333331
2014-09-01,0.0
2014-09-02,-0.00020061531481718742
2014-09-03,0.0006019355676862848
2014-09-04,0.0
2014-09-05,0.0012021640423299413
2014-09-06,0.0
2014-09-07,0.0
2014-09-08,-0.0013973354597948129
2014-09-09,-0.0016035217313326393
2014-09-10,-0.0020140363201186875
2014-09-11,0.000405239336098336
2014-09-12,-0.003643028143541042
2014-09-13,0.0
2014-09-14,0.0
2014-09-15,-0.0026600808753379037
2014-09-16,-0.0018563162956585961
2014-09-17,0.003520528445277652
2014-09-18,-0.0006185338145212235
2014-09-19,0.0008261051578107489
2014-09-20,0.0
2014-09-21,0.0
2014-09-22,-0.0032961399356968104
2014-09-23,-0.0006242689870715005
2014-09-24,-0.00041694139905001926
2014-09-25,-0.001252305959323537
2014-09-26,0.0006285851545003348
2014-09-27,0.0
2014-09-28,0.0
2014-09-29,-0.0004181925358548444
2014-09-30,0.022684455065318087
2014-10-01,-0.000622989799480278
2014-10-02,0.00020813660340442594
2014-10-03,-0.000623823136528534
2014-10-04,0.0
2014-10-05,0.0
2014-10-06,-0.0008334741209754526
2014-10-07,-0.0004176120680727813
2014-10-08,0.0014638154053875734
2014-10-09,0.0022901997998104515
2014-10-10,-0.0004136628943823828
2014-10-11,0.0
2014-10-12,0.0
2014-10-13,0.0
2014-10-14,-0.00020696233050180682
2014-10-15,-0.003314744505479972
2014-10-16,-0.0012553939411345343
2014-10-17,0.002940572733465411
2014-10-18,0.0
2014-10-19,0.0
2014-10-20,0.006037927573220451
2014-10-21,0.0018404973356524283
2014-10-22,-0.0006101211061353048
2014-10-23,0.001629881128277777
2014-10-24,0.0012209226053740974
2014-10-25,0.0
2014-10-26,0.0
2014-10-27,0.0
2014-10-28,0.0008111876240742463
2014-10-29,-0.0016181366166239108
2014-10-30,0.0026422611123702033
2014-10-31,0.005813160623215852
2014-11-01,0.0
2014-11-02,0.0
2014-11-03,0.0
2014-11-04,-0.0004014561004654915
2014-11-05,-0.0002007668594911823
2014-11-06,-0.00542831031270774
2014-11-07,-0.0004087576674793499
2014-11-08,0.0
2014-11-09,0.0
2014-11-10,0.0030693360985258877
2014-11-11,-0.00040544341487103175
2014-11-12,0.0024361979542048364
2014-11-13,-0.0006047460031453807
2014-11-14,0.0006058451504451501
2014-11-15,0.0
2014-11-16,0.0
2014-11-17,0.0004029918646577535
2014-11-18,0.0004025595391910682
2014-11-19,-0.0008040936980647414
2014-11-20,0.0
2014-11-21,0.0012135145864463996
2014-11-22,0.0
2014-11-23,0.0
2014-11-24,-0.0008062015503875752
2014-11-25,-0.0004038880536765266
2014-11-26,0.0008089191256453651
2014-11-27,0.0010089315016554117
2014-11-28,0.0018104666462575025
2014-11-29,0.0
2014-11-30,0.0019333333333333331
2014-12-01,-0.0030010633392616817
2014-12-02,0.0008073949564511759
2014-12-03,-0.0008054440221276771
2014-12-04,-0.006057008595175069
2014-12-05,-0.004935380036752683
2014-12-06,0.0
2014-12-07,0.0
2014-12-08,-0.0035481604903346473
2014-12-09,0.0
2014-12-10,-0.006540111176532008
2014-12-11,0.004734243862717295
2014-12-12,-0.004031421106233668
2014-12-13,0.0
2014-12-14,0.0
2014-12-15,0.0015035042081234333
2014-12-16,0.0004276642607140187
2014-12-17,0.005124821395239805
2014-12-18,0.0023131881027401344
2014-12-19,-0.00020872065018458694
2014-12-20,0.0
2014-12-21,0.0
2014-12-22,0.0016718223790662308
2014-12-23,0.0008317675693749008
2014-12-24,0.0014520746653359229
2014-12-25,0.0
2014-12-26,0.0
2014-12-27,0.0
2014-12-28,0.0
2014-12-29,0.0016583858383390677
2014-12-30,0.004158352478309891
2014-12-31,7.443667332813579e-05
2015-01-01,0.0
2015-01-02,0.0020769340595193273
2015-01-03,0.0
2015-01-04,0.0
2015-01-05,0.003508778037922674
2015-01-06,0.0036764608368681597
2015-01-07,0.010100935520327795
2015-01-08,0.001764964138829835
2015-01-09,0.0005849615681920994
2015-01-10,0.0
2015-01-11,0.0
2015-01-12,0.0005841453566348687
2015-01-13,-0.0007774459186808599
2015-01-14,-0.0003895013045320435
2015-01-15,-0.0015605329077700292
2015-01-16,0.00019600052931423306
2015-01-17,0.0
2015-01-18,0.0
2015-01-19,0.0
2015-01-20,0.0015667681542076057
2015-01-21,0.0023392357692706423
2015-01-22,0.008517217705600322
2015-01-23,-0.0015350805541411254
2015-01-24,0.0
2015-01-25,0.0
2015-01-26,0.00019054837415473833
2015-01-27,0.0
2015-01-28,0.0011415460816170213
2015-01-29,0.0005688123783647026
2015-01-30,-0.0022713735572730265
2015-01-31,0.0019333333333333331
2015-02-01,0.0
2015-02-02,-0.0009530174204356682
2015-02-03,-0.00038226939817753713
2015-02-04,0.0022961476779382504
2015-02-05,0.0019004249694791013
2015-02-06,-0.006613843410483729
2015-02-07,0.0
2015-02-08,0.0
2015-02-09,-0.0019277755685040605
2015-02-10,0.0011634091417567216
2015-02-11,-0.0007728569306329295
2015-02-12,-0.0001937665692435623
2015-02-13,0.00038775854241449953
2015-02-14,0.0
2015-02-15,0.0
2015-02-16,0.0
2015-02-17,0.0005805489763017017
2015-02-18,0.0011594142397961527
2015-02-19,-0.0011553954938317013
2015-02-20,0.00017468648748860302
2015-02-21,0.0
2015-02-22,0.0
2015-02-23,0.002520848763960748
2015-02-24,-0.004618994789782671
2015-02-25,0.003317751353932863
2015-02-26,0.0003865252969642204
2015-02-27,0.002509094293970356
2015-02-28,0.0019333333333333331
2015-03-01,0.0
2015-03-02,-0.00019159660350361504
2015-03-03,-0.0023000741902749664
2015-03-04,-0.0030882107099825897
2015-03-05,-0.0017533110341792317
2015-03-06,-0.007638133225287724
2015-03-07,0.0
2015-03-08,0.0
2015-03-09,-0.0010022859990405457
2015-03-10,-0.003618743252357226
2015-03-11,0.001829216671212756
2015-03-12,0.0016171977437844376
2015-03-13,-0.0012069487135770718
2015-03-14,0.0
2015-03-15,0.0
2015-03-16,0.0010094098872666841
2015-03-17,0.0016102012133936139
2015-03-18,0.00018111090668397148
2015-03-19,0.00100528848115015
2015-03-20,0.004008904056673608
2015-03-21,0.0
2015-03-22,0.0
2015-03-23,0.0009900930961008747
2015-03-24,0.0033571151518000755
2015-03-25,-0.0009776800718323357
2015-03-26,-0.001960515656102372
2015-03-27,-0.001380660330374428
2015-03-28,0.0
2015-03-29,0.0
2015-03-30,0.027293422754466806
2015-03-31,0.005083600042303192
2015-04-01,0.0025356360497759134
2015-04-02,0.000580591360311041
2015-04-03,0.0
2015-04-04,0.0
2015-04-05,0.0
2015-04-06,0.0011593681934084128
2015-04-07,-0.0017329227664473572
2015-04-08,0.0009677973552829252
2015-04-09,0.00019308081385593923
2015-04-10,0.0
2015-04-11,0.0
2015-04-12,0.0
2015-04-13,-0.003858181560620714
2015-04-14,-0.001170830242470074
2015-04-15,0.001370925956061697
2015-04-16,0.0023405216342492854
2015-04-17,0.0038736189266184162
2015-04-18,0.0
2015-04-19,0.0
2015-04-20,-0.0009572613209446098
2015-04-21,-0.001344279573579225
2015-04-22,0.0003857152255769177
2015-04-23,-0.0010052256143896117
2015-04-24,0.00077562870378034
2015-04-25,0.0
2015-04-26,0.0
2015-04-27,0.001354122699161353
2015-04-28,0.0019268954068653403
2015-04-29,-0.0017242284882021581
2015-04-30,0.0025410621470027925
2015-05-01,0.0019367930117953531
2015-05-02,0.0
2015-05-03,0.0
2015-05-04,-0.002310705127102408
2015-05-05,-0.005429605308202541
2015-05-06,-0.003745163986589158
2015-05-07,0.0003987420228941385
2015-05-08,0.001194718118144274
2015-05-09,0.0
2015-05-10,0.0
2015-05-11,-0.0023810334173864542
2015-05-12,-0.0025979734206524143
2015-05-13,0.0016113521301948097
2015-05-14,0.0024054795783791474
2015-05-15,0.0013929265852415569
2015-05-16,0.0
2015-05-17,0.0
2015-05-18,0.0
2015-05-19,-0.001783684209852976
2015-05-20,-0.0015939888797993722
2015-05-21,-0.00040033944184640163
2015-05-22,-0.0010465231829484
2015-05-23,0.0
2015-05-24,0.0
2015-05-25,0.0
2015-05-26,-0.004037839372608265
2015-05-27,0.0018392036285295177
2015-05-28,0.0
2015-05-29,-0.0030487855288722963
2015-05-30,0.0
2015-05-31,0.0019
2015-06-01,0.0028718355507833713
2015-06-02,-0.0014236256044785067
2015-06-03,-0.0032679967146907276
2015-06-04,0.00020628899973784698
2015-06-05,-0.0032983121298402196
2015-06-06,0.0
2015-06-07,0.0
2015-06-08,-0.0022903027042192603
2015-06-09,-0.0008385117616933243
2015-06-10,0.0010508726086870812
2015-06-11,0.0010475425305400687
2015-06-12,0.0
2015-06-13,0.0
2015-06-14,0.0
2015-06-15,0.0014620089773654439
2015-06-16,-0.0010397825059519361
2015-06-17,0.004985766740737585
2015-06-18,0.005572781733218808
2015-06-19,-0.003451019259336626
2015-06-20,0.0
2015-06-21,0.0
2015-06-22,-0.001436078557870979
2015-06-23,0.002060294514665051
2015-06-24,-0.0008190927718935148
2015-06-25,-0.0018472370889100291
2015-06-26,-0.0010320066048423355
2015-06-27,0.0
2015-06-28,0.0
2015-06-29,-0.00600409226438033
2015-06-30,0.02005037740091667
2015-07-01,0.0
2015-07-02,0.0
2015-07-03,-0.0004181152436249687
2015-07-04,0.0
2015-07-05,0.0
2015-07-06,0.006068221183071154
2015-07-07,0.003699217352117238
2015-07-08,-0.003861817132542448
2015-07-09,-0.0006170194633827361
2015-07-10,-0.0006179483887394829
2015-07-11,0.0
2015-07-12,0.0
2015-07-13,0.002064067142613905
2015-07-14,0.0012308134474885435
2015-07-15,0.003065513389581979
2015-07-16,0.0014175717620403816
2015-07-17,0.0
2015-07-18,0.0
2015-07-19,0.0
2015-07-20,-0.0026214810799016033
2015-07-21,0.0
2015-07-22,-0.0032521320058720438
2015-07-23,-0.0034892703074263696
2015-07-24,-0.0027703158232668113
2015-07-25,0.0
2015-07-26,0.0
2015-07-27,-0.0054609748481761295
2015-07-28,0.0012811850937111864
2015-07-29,0.005318117834869056
2015-07-30,-0.0037689567483261133
2015-07-31,0.007904137146841832
2015-08-01,0.0
2015-08-02,0.0
2015-08-03,0.0
2015-08-04,0.00041739864185497133
2015-08-05,-0.004169281638569815
2015-08-06,-0.004433114416001842
2015-08-07,0.003423193448802486
2015-08-08,0.0
2015-08-09,0.0
2015-08-10,-0.0008471334527668795
2015-08-11,0.00042474260476603004
2015-08-12,0.0029685592766669857
2015-08-13,-0.002522089406363115
2015-08-14,-0.0006352192102809425
2015-08-15,0.0
2015-08-16,0.0
2015-08-17,0.0008486404567866757
2015-08-18,0.002751345934045061
2015-08-19,-0.0018892937960821958
2015-08-20,-0.005699777391198905
2015-08-21,-0.006443214884646535
2015-08-22,0.0
2015-08-23,0.0
2015-08-24,-0.011284954782275721
2015-08-25,0.0029598995808396054
2015-08-26,0.005867900427497889
2015-08-27,0.003991884541302504
2015-08-28,-0.0021914504306976466
2015-08-29,0.0
2015-08-30,0.0019
2015-08-31,-0.0015443329399275063
2015-09-01,-0.0028812077353102725
2015-09-02,0.002012093935595797
2015-09-03,0.004444520438343202
2015-09-04,-0.0052631558016038955
2015-09-05,0.0
2015-09-06,0.0
2015-09-07,0.0
2015-09-08,0.0006684272808611761
2015-09-09,-0.0031131615111752073
2015-09-10,0.0
2015-09-11,0.00044888028966294513
2015-09-12,0.0
2015-09-13,0.0
2015-09-14,-0.0011207786667716269
2015-09-15,0.0008996653328870637
2015-09-16,0.0017350372217088683
2015-09-17,0.0006724761390064504
2015-09-18,-0.0017896784267676564
2015-09-19,0.0
2015-09-20,0.0
2015-09-21,0.006297803012650223
2015-09-22,-0.0013245231054985762
2015-09-23,-0.0033244036480672237
2015-09-24,0.0
2015-09-25,0.0029101293401081474
2015-09-26,0.0
2015-09-27,0.0
2015-09-28,-0.0035507603101715044
2015-09-29,0.005607806064653535
2015-09-30,0.025239629468893184
2015-10-01,-0.0013829868449097595
2015-10-02,0.005084072542630584
2015-10-03,0.0
2015-10-04,0.0
2015-10-05,0.002830323494821041
2015-10-06,-0.006692589936427369
2015-10-07,0.005067186197998656
2015-10-08,0.001085057766159488
2015-10-09,0.0010816487486689692
2015-10-10,0.0
2015-10-11,0.0
2015-10-12,0.0
2015-10-13,-0.0008625646523819178
2015-10-14,-0.001945471114010518
2015-10-15,0.0019568923466111907
2015-10-16,0.0006486297477061864
2015-10-17,0.0
2015-10-18,0.0
2015-10-19,0.0032361268370088383
2015-10-20,0.0
2015-10-21,-0.0010683095687357147
2015-10-22,0.004501647269424813
2015-10-23,-0.0023581554959475706
2015-10-24,0.0
2015-10-25,0.0
2015-10-26,-0.0014975122996498946
2015-10-27,-0.0034387302058208244
2015-10-28,0.00021718356354790322
2015-10-29,0.002170226464397832
2015-10-30,-0.0040966828672129125
2015-10-31,0.0
2015-11-01,0.0
2015-11-02,0.009248345287900165
2015-11-03,-0.0013105063487484452
2015-11-04,-0.002193042285325094
2015-11-05,0.004635656501098391
2015-11-06,-0.00457207282377133
2015-11-07,0.0
2015-11-08,0.0
2015-11-09,-0.003973517028502386
2015-11-10,-0.0031278556906834862
2015-11-11,0.0013532116314410498
2015-11-12,-0.0015722435228728848
2015-11-13,-0.0006771361123555734
2015-11-14,0.0
2015-11-15,0.0
2015-11-16,0.00022614245052358464
2015-11-17,0.003389807985833363
2015-11-18,-0.0013422558175357018
2015-11-19,0.0004492371533256397
2015-11-20,0.003364657548638276
2015-11-21,0.0
2015-11-22,0.0
2015-11-23,-0.001806990245023991
2015-11-24,0.003364670069864776
2015-11-25,-0.002220726015554527
2015-11-26,0.0
2015-11-27,0.0020121409580352947
2015-11-28,0.0
2015-11-29,0.0
2015-11-30,0.000888808538196395
2015-12-01,0.0018666666666666666
2015-12-02,-0.004211016881199847
2015-12-03,-0.001571248611667871
2015-12-04,0.0
2015-12-05,0.0
2015-12-06,0.0
2015-12-07,-0.0042850655461638505
2015-12-08,-0.0025130051740403316
2015-12-09,-0.0016114560000376106
2015-12-10,-0.0002313812172727303
2015-12-11,-0.0025462809503934425
2015-12-12,0.0
2015-12-13,0.0
2015-12-14,-0.003265645447453632
2015-12-15,0.006360368179554099
2015-12-16,0.004392043062192948
2015-12-17,0.0015971177238401542
2015-12-18,0.00045413509738560326
2015-12-19,0.0
2015-12-20,0.0
2015-12-21,-0.001360551669362146
2015-12-22,-0.00045531771548172156
2015-12-23,-0.00022808680363706202
2015-12-24,0.002053428742864849
2015-12-25,0.0
2015-12-26,0.0
2015-12-27,0.0
2015-12-28,0.0
2015-12-29,0.001116318879811858
2015-12-30,0.014050296085254
2015-12-31,-0.0054422743473549655
2016-01-01,0.0
2016-01-02,0.0
2016-01-03,0.0
2016-01-04,0.0014056749597966196
2016-01-05,-0.0018466966917104477
2016-01-06,-0.0011605932016602132
2016-01-07,-0.008618717042236712
2016-01-08,0.00047821825786390865
2016-01-09,0.0
2016-01-10,0.0
2016-01-11,-0.0007163149297646498
2016-01-12,-0.0014357455691204428
2016-01-13,-0.0014420481228460957
2016-01-14,-0.0019308803060524478
2016-01-15,0.0026705682204327306
2016-01-16,0.0
2016-01-17,0.0
2016-01-18,-0.006984557740921253
2016-01-19,0.007134042128437971
2016-01-20,-0.0026493424710083424
2016-01-21,0.002427755603588988
2016-01-22,0.007173704774999716
2016-01-23,0.0
2016-01-24,0.0
2016-01-25,-0.0026097778315579134
2016-01-26,0.0011956758331618615
2016-01-27,0.0016679149128604465
2016-01-28,0.005215572143564717
2016-01-29,0.00513548851998924
2016-01-30,0.0
2016-01-31,0.0
2016-02-01,-0.0015816522135400244
2016-02-02,-0.0006967494838288809
2016-02-03,0.0025603938049034713
2016-02-04,0.0013859195552434016
2016-02-05,0.00046033196455944986
2016-02-06,0.0
2016-02-07,0.0
2016-02-08,-0.006202874433609784
2016-02-09,-0.004447427636470991
2016-02-10,-0.000949105610890307
2016-02-11,-0.0023791932148013264
2016-02-12,0.0033549552066372743
2016-02-13,0.0
2016-02-14,0.0
2016-02-15,0.0
2016-02-16,0.0033214644863137632
2016-02-17,0.004463275133832563
2016-02-18,0.006722277426767602
2016-02-19,0.0015904869821938838
2016-02-20,0.0
2016-02-21,0.0
2016-02-22,-9.088247137156724e-05
2016-02-23,0.001136898689055495
2016-02-24,0.002266097024085534
2016-02-25,0.0004500174704666904
2016-02-26,-0.0004494107424102278
2016-02-27,0.0
2016-02-28,0.0
2016-02-29,0.0011252985954288697
2016-03-01,0.004782672526229939
2016-03-02,0.002446103929557871
2016-03-03,0.001103826257847033
2016-03-04,0.0017601156324644762
2016-03-05,0.0
2016-03-06,0.0
2016-03-07,0.000875572930950419
2016-03-08,0.0006548013454250601
2016-03-09,0.002396514412096836
2016-03-10,0.002163132426121095
2016-03-11,0.0006447231970287218
2016-03-12,0.0
2016-03-13,0.0
2016-03-14,0.0012869841943915124
2016-03-15,-0.0006408692653588529
2016-03-16,0.004646839823193953
2016-03-17,0.004455674216232053
2016-03-18,-0.004606326914855148
2016-03-19,0.0
2016-03-20,0.0
2016-03-21,0.0029724925654449987
2016-03-22,-0.003998348807726722
2016-03-23,-0.002768976273641477
2016-03-24,-0.0021477263246194958
2016-03-25,0.0
2016-03-26,0.0
2016-03-27,0.0
2016-03-28,0.0017294100273783641
2016-03-29,-0.0004301478718143163
2016-03-30,0.0029863779395286057
2016-03-31,0.0014908743759227683
2016-04-01,0.0029269603862698856
2016-04-02,0.0
2016-04-03,0.0
2016-04-04,0.0016909213827438485
2016-04-05,-0.0010514918938336892
2016-04-06,-0.0018987275722101755
2016-04-07,-0.0008486897282821889
2016-04-08,0.0023398009050082567
2016-04-09,0.0
2016-04-10,0.0
2016-04-11,0.0014787249078842546
2016-04-12,-0.0021029837876673785
2016-04-13,0.0021163356463278493
2016-04-14,-0.0008411935150669514
2016-04-15,0.0010541521316447995
2016-04-16,0.0
2016-04-17,0.0
2016-04-18,0.0027323131409678534
2016-04-19,0.002501406595775061
2016-04-20,-0.0010345220996333948
2016-04-21,-0.005603941098940135
2016-04-22,-0.000848170433745743
2016-04-23,0.0
2016-04-24,0.0
2016-04-25,0.0038265697938304477
2016-04-26,-0.00042038096425482213
2016-04-27,0.003366979515661006
2016-04-28,0.0
2016-04-29,0.000416780628090437
2016-04-30,0.0
2016-05-01,0.0
2016-05-02,0.006858562528055946
2016-05-03,-0.0020820558809895306
2016-05-04,-0.0012572056521228763
2016-05-05,0.0027341357943360864
2016-05-06,0.0004170940853780447
2016-05-07,0.0
2016-05-08,0.0
2016-05-09,0.0068750621755346115
2016-05-10,0.00020410273472985332
2016-05-11,0.0008160385179335853
2016-05-12,0.0016279897941486137
2016-05-13,-0.0012150454152384989
2016-05-14,0.0
2016-05-15,0.0
2016-05-16,0.003048701221198528
2016-05-17,-0.002215436413426771
2016-05-18,-0.002838672838670564
2016-05-19,-0.0022494664630551644
2016-05-20,0.0028824556349361283
2016-05-21,0.0
2016-05-22,0.0
2016-05-23,0.0
2016-05-24,-0.0018449665657070586
2016-05-25,0.00041224319026533784
2016-05-26,0.0016470893021853783
2016-05-27,0.0012292811082284711
2016-05-28,0.0
2016-05-29,0.0
2016-05-30,0.0008164335590352678
2016-05-31,-0.005497884997173075
2016-06-01,0.0027355653279786847
2016-06-02,-0.0001550033645992266
2016-06-03,0.0034140004998015616
2016-06-04,0.0
2016-06-05,0.0
2016-06-06,-0.00045929614096976157
2016-06-07,0.0004601415058415048
2016-06-08,0.0021432996357787504
2016-06-09,-0.0009107651067577494
2016-06-10,0.0012187557895723122
2016-06-11,0.0
2016-06-12,0.0
2016-06-13,-0.0003031825567400559
2016-06-14,-0.0009107651067577494
2016-06-15,0.00030592771254961404
2016-06-16,-0.00030557269237554974
2016-06-17,-0.0009179723315445587
2016-06-18,0.0
2016-06-19,0.0
2016-06-20,0.0023034265812318377
2016-06-21,-0.0010651826636292605
2016-06-22,0.0013753887896360006
2016-06-23,-0.0010637935742638105
2016-06-24,0.001068339545237218
2016-06-25,0.0
2016-06-26,0.0
2016-06-27,0.0003039383375070259
2016-06-28,0.0021251725366983054
2016-06-29,0.004515305970571315
2016-06-30,0.010513661514455314
2016-07-01,0.002425
2016-07-02,0.0
2016-07-03,0.0
2016-07-04,0.00029436040837582667
2016-07-05,0.0011764749937757668
2016-07-06,0.002488338120153144
2016-07-07,-0.0005797569828989158
2016-07-08,0.0004358015009096605
2016-07-09,0.0
2016-07-10,0.0
2016-07-11,0.00014505022731586825
2016-07-12,0.0014493028835215194
2016-07-13,-0.0007205637549752286
2016-07-14,-0.0023120582933142952
2016-07-15,-0.001750270824377037
2016-07-16,0.0
2016-07-17,0.0
2016-07-18,0.0013219809542069916
2016-07-19,0.0014610530230724783
2016-07-20,0.000581104580652636
2016-07-21,0.001014494103719954
2016-07-22,-0.0006231437720165545
2016-07-23,0.0
2016-07-24,0.0
2016-07-25,-0.00014524183803477086
2016-07-26,0.00043599670087896003
2016-07-27,-0.002176402654769205
2016-07-28,0.0013173780647594557
2016-07-29,0.0008735347947717576
2016-07-30,0.0
2016-07-31,0.0
2016-08-01,0.002425
2016-08-02,-0.0007253305776559749
2016-08-03,-0.0016007539098123191
2016-08-04,0.0004394072132319904
2016-08-05,-0.0014619768291470048
2016-08-06,0.0
2016-08-07,0.0
2016-08-08,0.00029407186609387015
2016-08-09,-0.0019096192416520885
2016-08-10,-0.0007400410314150063
2016-08-11,-0.0038598432620515766
2016-08-12,0.0007539704082814014
2016-08-13,0.0
2016-08-14,0.0
2016-08-15,0.0009018811372417113
2016-08-16,-0.000599086701260132
2016-08-17,0.0
2016-08-18,0.0010510541380239213
2016-08-19,-0.00014953511921200757
2016-08-20,0.0
2016-08-21,0.0
2016-08-22,0.0022442402812898887
2016-08-23,0.0008895595098350473
2016-08-24,-0.0018246078282114775
2016-08-25,-0.0011953771614344744
2016-08-26,-0.000750755451356
2016-08-27,0.0
2016-08-28,0.0
2016-08-29,-0.00030125842904832334
2016-08-30,-0.0030156271579095395
2016-08-31,-0.0007631305514059772
2016-09-01,0.0022718802819730773
2016-09-02,0.0022978464054276837
2016-09-03,0.0
2016-09-04,0.0
2016-09-05,0.0
2016-09-06,0.001517939374912125
2016-09-07,-0.0006035150760897168
2016-09-08,0.0003024228402550566
2016-09-09,-0.004984855628250573
2016-09-10,0.0
2016-09-11,0.0
2016-09-12,-0.0010790123626688852
2016-09-13,-0.0035603228954607102
2016-09-14,0.0002681533025670757
2016-09-15,0.0
2016-09-16,-0.0003151172149848669
2016-09-17,0.0
2016-09-18,0.0
2016-09-19,0.003943252546310672
2016-09-20,0.0009316760291940285
2016-09-21,0.000618886801832752
2016-09-22,0.0018518304917050088
2016-09-23,-0.002144661240621626
2016-09-24,0.0
2016-09-25,0.0
2016-09-26,-0.0007725578980628256
2016-09-27,0.0
2016-09-28,0.0009299621465712615
2016-09-29,-0.0013897640435512337
2016-09-30,0.01314028027919403
2016-10-01,0.00105
2016-10-02,0.0
2016-10-03,-0.001873777832712685
2016-10-04,-0.003918491397274709
2016-10-05,-0.0020700227060343745
2016-10-06,0.0006422011728069443
2016-10-07,0.00128128745653866
2016-10-08,0.0
2016-10-09,0.0
2016-10-10,0.0
2016-10-11,-0.0012747541505257198
2016-10-12,0.0035233986987422417
2016-10-13,0.0018951339173191029
2016-10-14,-0.000626939480958183
2016-10-15,0.0
2016-10-16,0.0
2016-10-17,0.0015713179012217804
2016-10-18,0.0006246280704380047
2016-10-19,0.0
2016-10-20,0.00031152614787943733
2016-10-21,0.0
2016-10-22,0.0
2016-10-23,0.0
2016-10-24,-1.567471973598633e-05
2016-10-25,-0.0009374450162856207
2016-10-26,-0.0017252483374997074
2016-10-27,-0.0022109258990390956
2016-10-28,-0.00015933098270884405
2016-10-29,0.0
2016-10-30,0.0
2016-10-31,0.000478239612897724
2016-11-01,0.0008336407205606249
2016-11-02,-0.00256243945045867
2016-11-03,-0.00032359246232044336
2016-11-04,0.0012962444415565155
2016-11-05,0.0
2016-11-06,0.0
2016-11-07,0.0014505617643648105
2016-11-08,0.0003205784552725577
2016-11-09,-0.0017605147225461804
2016-11-10,-0.00515803643441709
2016-11-11,-0.0014812205277963675
2016-11-12,0.0
2016-11-13,0.0
2016-11-14,-0.0004967098084030508
2016-11-15,-0.0008294305146023528
2016-11-16,0.0014979446904259675
2016-11-17,0.0014891233953976957
2016-11-18,0.00032887465465464283
2016-11-19,0.0
2016-11-20,0.0
2016-11-21,0.0003285424619559607
2016-11-22,0.0016404565981085195
2016-11-23,-0.0011623464899989944
2016-11-24,-0.00016446426581756546
2016-11-25,0.00016457253101953562
2016-11-26,0.0
2016-11-27,0.0
2016-11-28,0.002960516072140984
2016-11-29,0.0029259267917535192
2016-11-30,-0.0008033152269557309
2016-12-01,0.004963744888872504
2016-12-02,0.0017741700799290827
2016-12-03,0.0
2016-12-04,0.0
2016-12-05,-0.0014413207330170874
2016-12-06,0.0004832391802472302
2016-12-07,0.0012861582259358628
2016-12-08,0.0019193919659952208
2016-12-09,0.0006348842289377044
2016-12-10,0.0
2016-12-11,0.0
2016-12-12,0.0
2016-12-13,-0.00015828066639034244
2016-12-14,-0.0036438548501775414
2016-12-15,-0.0025723943029514196
2016-12-16,0.0034113076145608767
2016-12-17,0.0
2016-12-18,0.0
2016-12-19,0.0014423610060795844
2016-12-20,0.0
2016-12-21,0.0015933186859582449
2016-12-22,0.0
2016-12-23,0.0006332951681041199
2016-12-24,0.0
2016-12-25,0.0
2016-12-26,0.0
2016-12-27,0.0
2016-12-28,-1.5791896302408404e-05
2016-12-29,0.0025380480640856407
2016-12-30,0.010760405744740428
2016-12-31,0.0
2017-01-01,0.00105
2017-01-02,0.00135
2017-01-03,-0.00031241955982611036
2017-01-04,0.0017209007252059205
2017-01-05,0.0012430248168235902
2017-01-06,0.00077299559880184
2017-01-07,0.0
2017-01-08,0.0
2017-01-09,-0.0009247874697948522
2017-01-10,-0.0012376032697249961
2017-01-11,-0.0009328577765644608
2017-01-12,-0.0017165852356741396
2017-01-13,0.0
2017-01-14,0.0
2017-01-15,0.0
2017-01-16,0.0009428065301151367
2017-01-17,0.00046955670269832606
2017-01-18,-0.0012499607333304186
2017-01-19,0.0004710882883314227
2017-01-20,0.00031353114738119636
2017-01-21,0.0
2017-01-22,0.0
2017-01-23,-0.0001565880846939316
2017-01-24,0.0008650688233719506
2017-01-25,-0.00015672918348577647
2017-01-26,0.00015682750127066214
2017-01-27,-0.0014106943565678487
2017-01-28,0.0
2017-01-29,0.0
2017-01-30,-0.0014186429981697113
2017-01-31,0.002536499128435843
2017-02-01,0.0008305898659675271
2017-02-02,0.0026847645568841005
2017-02-03,0.0006250514858613387
2017-02-04,0.0
2017-02-05,0.0
2017-02-06,0.0007793236860891839
2017-02-07,0.0
2017-02-08,0.0024859964065631623
2017-02-09,-0.0009230881286922121
2017-02-10,0.0013897451543817274
2017-02-11,0.0
2017-02-12,0.0
2017-02-13,-0.0003071413403174794
2017-02-14,-0.0012300396781277645
2017-02-15,0.0007725620846641412
2017-02-16,0.0023105830736352417
2017-02-17,0.0013736064418760074
2017-02-18,0.0
2017-02-19,0.0
2017-02-20,0.0
2017-02-21,-0.00022861876149746219
2017-02-22,-0.0007626627958067511
2017-02-23,0.0016829996908402922
2017-02-24,-0.0010637934449404807
2017-02-25,0.0
2017-02-26,0.0
2017-02-27,-0.001068430658799191
2017-02-28,0.001379574230128855
2017-03-01,0.002704838950620612
2017-03-02,-0.0016747998832591648
2017-03-03,-0.0010728881435532744
2017-03-04,0.0
2017-03-05,0.0
2017-03-06,0.00030784226372232437
2017-03-07,-0.0006150376258312051
2017-03-08,-0.0015412386758616448
2017-03-09,-0.002326347269857476
2017-03-10,0.0007827202442773351
2017-03-11,0.0
2017-03-12,0.0
2017-03-13,-0.0006241957087249339
2017-03-14,0.00015643484629873639
2017-03-15,0.00328326436034887
2017-03-16,-0.0004628944529793122
2017-03-17,0.0009275801991407984
2017-03-18,0.0
2017-03-19,0.0
2017-03-20,-0.0012323306573501225
2017-03-21,0.00046443868865153615
2017-03-22,0.0013906215799314725
2017-03-23,0.0010755808676827239
2017-03-24,0.0003840897990096126
2017-03-25,0.0
2017-03-26,0.0
2017-03-27,-0.0006135352114415293
2017-03-28,0.0009224936849437926
2017-03-29,0.0013787171820615618
2017-03-30,-0.00032036979450449435
2017-03-31,0.000765032663161247
2017-04-01,0.00105
2017-04-02,0.0
2017-04-03,0.0010448987196718207
2017-04-04,0.0029016400371690843
2017-04-05,0.0
2017-04-06,0.00030191532218193373
2017-04-07,0.00015073068287713154
2017-04-08,0.0
2017-04-09,0.0
2017-04-10,0.0006028824651615472
2017-04-11,0.0004509935069538229
2017-04-12,0.0003001030568873242
2017-04-13,-0.00029974324143519637
2017-04-14,0.0
2017-04-15,0.0
2017-04-16,0.0
2017-04-17,0.0007502487068565822
2017-04-18,0.0016457619202951412
2017-04-19,-0.00029731914669459125
2017-04-20,0.0002976731624171891
2017-04-21,-0.00032845472918169305
2017-04-22,0.0
2017-04-23,0.0
2017-04-24,-0.0010458764156879852
2017-04-25,0.00014996995261407076
2017-04-26,-0.0029993618447177184
2017-04-27,0.0010625845368635867
2017-04-28,0.00015109386363859612
2017-04-29,0.0
2017-04-30,0.0
2017-05-01,0.005029153739711676
2017-05-02,0.0003015631092658233
2017-05-03,-0.002558752167417383
2017-05-04,-0.0016727554807443312
2017-05-05,0.002296388830238083
2017-05-06,0.0
2017-05-07,0.0
2017-05-08,0.0018203573860436917
2017-05-09,-0.0006023696947274337
2017-05-10,-0.0006038783151441907
2017-05-11,-0.0019673163144664496
2017-05-12,-0.0003050799916373137
2017-05-13,0.0
2017-05-14,0.0
2017-05-15,0.0013744558256973405
2017-05-16,0.00015188229196233527
2017-05-17,-0.0019732349682276273
2017-05-18,-0.00045902932365338156
2017-05-19,0.0015328456908552113
2017-05-20,0.0
2017-05-21,0.0
2017-05-22,0.0
2017-05-23,-0.0007617251463657437
2017-05-24,0.0004295589947985734
2017-05-25,0.00015332654551852842
2017-05-26,-0.0003063023900229389
2017-05-27,0.0
2017-05-28,0.0
2017-05-29,-0.0001532032810921402
2017-05-30,0.0009202362407679798
2017-05-31,0.00030552417747270466
2017-06-01,0.004384195231037767
2017-06-02,0.0012113513320929914
2017-06-03,0.0
2017-06-04,0.0
2017-06-05,-0.0010547857798786364
2017-06-06,-0.0006053983320470913
2017-06-07,0.00030344291872275164
2017-06-08,0.00045454994490778944
2017-06-09,0.0003024714122356609
2017-06-10,0.0
2017-06-11,0.0
2017-06-12,-0.00015101726471331012
2017-06-13,-0.000302306354864168
2017-06-14,-0.0013620166555056712
2017-06-15,-0.0004564326449484901
2017-06-16,-0.0001524885175372137
2017-06-17,0.0
2017-06-18,0.0
2017-06-19,0.0
2017-06-20,-0.00015259960177807508
2017-06-21,-0.0006104647536331331
2017-06-22,0.00030606085796797133
2017-06-23,0.0011968815343764705
2017-06-24,0.0
2017-06-25,0.0
2017-06-26,-0.00015270785279430932
2017-06-27,-0.0012225353299498976
2017-06-28,0.0012285430792247642
2017-06-29,-0.00275061911353236
2017-06-30,0.004501904401814042
2017-07-01,0.00105
2017-07-02,0.0
2017-07-03,0.00135
2017-07-04,-0.0010835712176682222
2017-07-05,0.0004663857026402374
2017-07-06,-0.001396679554806074
2017-07-07,-0.0001560074830727065
2017-07-08,0.0
2017-07-09,0.0
2017-07-10,-0.0006245665283476087
2017-07-11,-0.0009393434620044994
2017-07-12,0.0020428216071214367
2017-07-13,-0.0007793395204812592
2017-07-14,0.001250768995258722
2017-07-15,0.0
2017-07-16,0.0
2017-07-17,-0.00015555865741659347
2017-07-18,-0.0012452807138481625
2017-07-19,0.0012515146621355777
2017-07-20,0.0006226220466650223
2017-07-21,-0.0007763988768772767
2017-07-22,0.0
2017-07-23,0.0
2017-07-24,-0.0006257583339416284
2017-07-25,0.0
2017-07-26,-0.0006273285582353572
2017-07-27,-0.00031445334136273595
2017-07-28,-0.0004723385742960162
2017-07-29,0.0
2017-07-30,0.0
2017-07-31,0.00015771343959380957
2017-08-01,0.01688819926309448
2017-08-02,-0.0004713927395654516
2017-08-03,-0.00015743390007078029
2017-08-04,-0.0003151031058687692
2017-08-05,0.0
2017-08-06,0.0
2017-08-07,0.0
2017-08-08,0.0003155007669550791
2017-08-09,-0.00141776104115382
2017-08-10,-0.00079212077595886
2017-08-11,0.0006356661890359883
2017-08-12,0.0
2017-08-13,0.0
2017-08-14,0.0020608982951537125
2017-08-15,0.0014150860707610735
2017-08-16,0.001094437834458839
2017-08-17,-0.0006227322748178776
2017-08-18,-0.00031207969940930114
2017-08-19,0.0
2017-08-20,0.0
2017-08-21,0.0003124697612860161
2017-08-22,-0.0004681012731886647
2017-08-23,0.0
2017-08-24,-0.0009422250639667396
2017-08-25,0.0009457896508237029
2017-08-26,0.0
2017-08-27,0.0
2017-08-28,-0.0006281683528538695
2017-08-29,-0.0003148478208609695
2017-08-30,0.002522068976570313
2017-08-31,0.0
2017-09-01,0.002168951838180367
2017-09-02,0.0
2017-09-03,0.0
2017-09-04,0.0
2017-09-05,-0.0015615108895552232
2017-09-06,-0.000942762294990046
2017-09-07,0.0011040527814913936
2017-09-08,0.00031409333153159524
2017-09-09,0.0
2017-09-10,0.0
2017-09-11,-0.00031369920821397446
2017-09-12,-0.0009422250639667396
2017-09-13,-0.0007881672320930178
2017-09-14,-0.00047434432733445275
2017-09-15,0.0012674090014745398
2017-09-16,0.0
2017-09-17,0.0
2017-09-18,-0.00047286725619213876
2017-09-19,0.0009475819727736146
2017-09-20,-0.0007866790794767153
2017-09-21,0.001104805206104953
2017-09-22,-0.0004714361126474942
2017-09-23,0.0
2017-09-24,0.0
2017-09-25,0.0014232399103682458
2017-09-26,-0.00031454399753752527
2017-09-27,0.0
2017-09-28,0.000787158727618753
2017-09-29,0.00031391529231489246
2017-09-30,0.003152849
2017-10-01,0.00105
2017-10-02,0.0036260209185202414
2017-10-03,0.0004658559864008094
2017-10-04,0.0013949145649239103
2017-10-05,0.0004623736425624081
2017-10-06,0.0
2017-10-07,0.0
2017-10-08,0.0
2017-10-09,0.0
2017-10-10,-0.00015382216193551845
2017-10-11,0.0
2017-10-12,0.001385501971272407
2017-10-13,0.000306208203379954
2017-10-14,0.0
2017-10-15,0.0
2017-10-16,-0.0018349128997243447
2017-10-17,0.00015402957754129254
2017-10-18,0.00015391686523541503
2017-10-19,0.00046159150091573675
2017-10-20,-0.00015357432612331245
2017-10-21,0.0
2017-10-22,0.0
2017-10-23,0.00046091698649619595
2017-10-24,-0.00030668284076657004
2017-10-25,1.538417219321131e-05
2017-10-26,-0.0007706229518296137
2017-10-27,0.0009276354914626306
2017-10-28,0.0
2017-10-29,0.0
2017-10-30,-0.0007702015118645211
2017-10-31,0.0004635668810751836
2017-11-01,0.011308442869524251
2017-11-02,0.0015404030237290423
2017-11-03,0.00015306156775407587
2017-11-04,0.0
2017-11-05,0.0
2017-11-06,0.00045899221305734095
2017-11-07,0.0030543698497744187
2017-11-08,0.00030182887569529804
2017-11-09,0.0004519533803979403
2017-11-10,-0.0004511378073696892
2017-11-11,0.0
2017-11-12,0.0
2017-11-13,0.0009040287549216819
2017-11-14,-0.0007507383919205524
2017-11-15,-0.0013553226707765653
2017-11-16,0.001362710319535665
2017-11-17,0.0
2017-11-18,0.0
2017-11-19,0.0
2017-11-20,-0.00045176841784494437
2017-11-21,0.001659605148225607
2017-11-22,-0.0008875723439495109
2017-11-23,0.0
2017-11-24,0.00045303005664726337
2017-11-25,0.0
2017-11-26,0.0
2017-11-27,-0.0009042301893801008
2017-11-28,-0.0007562111155034745
2017-11-29,-0.0006068323491215388
2017-11-30,0.0009124633728503917
2017-12-01,0.0029310443747461506
2017-12-02,0.0
2017-12-03,0.0
2017-12-04,-0.0010581391144576235
2017-12-05,0.0
2017-12-06,0.00045548822558910684
2017-12-07,0.0001515591051528542
2017-12-08,0.0010599394465883871
2017-12-09,0.0
2017-12-10,0.0
2017-12-11,-0.00015082780680281127
2017-12-12,0.0009051828327808487
2017-12-13,0.00030071414065285795
2017-12-14,0.0009009374677112492
2017-12-15,0.0004488598061033189
2017-12-16,0.0
2017-12-17,0.0
2017-12-18,0.000298617524589595
2017-12-19,-0.0011933200477905193
2017-12-20,-0.0002997435841816942
2017-12-21,-0.0013505344662426977
2017-12-22,0.0006035885065650004
2017-12-23,0.0
2017-12-24,0.0
2017-12-25,0.0
2017-12-26,0.0
2017-12-27,0.0007524646438565319
2017-12-28,0.00046684096041388345
2017-12-29,0.0004509729106285665
2017-12-30,0.01458373025
2017-12-31,0.0
2018-01-01,0.0011
2018-01-02,0.0010750152878972424
2018-01-03,-0.0018017933535883213
2018-01-04,-0.0009075235467868037
2018-01-05,0.000607243198827323
2018-01-06,0.0
2018-01-07,0.0
2018-01-08,0.0010600224131740443
2018-01-09,0.002261663432075345
2018-01-10,-0.0017931605754253899
2018-01-11,-0.0015051046345189445
2018-01-12,0.00045430277032726396
2018-01-13,0.0
2018-01-14,0.0
2018-01-15,0.0
2018-01-16,0.0016625990727677231
2018-01-17,0.0006006437527498742
2018-01-18,-0.0005992041199049392
2018-01-19,0.0007507185005239947
2018-01-20,0.0
2018-01-21,0.0
2018-01-22,0.0010479796165669963
2018-01-23,0.0008943815763350904
2018-01-24,-0.0004456648692954812
2018-01-25,0.00041842562489641244
2018-01-26,0.00029837118057085554
2018-01-27,0.0
2018-01-28,0.0
2018-01-29,-0.0019368793146576635
2018-01-30,-0.0024024130952176315
2018-01-31,0.0018193142594049028
2018-02-01,0.003667781245828809
2018-02-02,-0.003642908531328204
2018-02-03,0.0
2018-02-04,0.0
2018-02-05,-0.001232317577792852
2018-02-06,-0.0007740138094117222
2018-02-07,0.0009316656599692164
2018-02-08,-0.0018563954057296272
2018-02-09,-0.0006234753057087483
2018-02-10,0.0
2018-02-11,0.0
2018-02-12,0.0014062686139025837
2018-02-13,0.00015536226322582225
2018-02-14,0.0006211341130533676
2018-02-15,0.005576210680336369
2018-02-16,0.001818159516974005
2018-02-17,0.0
2018-02-18,0.0
2018-02-19,0.0
2018-02-20,-0.0012032974498597526
2018-02-21,-0.0015115779163863696
2018-02-22,-0.0004886093733156016
2018-02-23,0.0
2018-02-24,0.0
2018-02-25,0.0
2018-02-26,0.001988944350952093
2018-02-27,-0.0007588781449040516
2018-02-28,-0.0006090931559377954
2018-03-01,0.0016119521882923932
2018-03-02,0.0001530558631586687
2018-03-03,0.0
2018-03-04,0.0
2018-03-05,0.0009180694649158494
2018-03-06,0.0013718139014178288
2018-03-07,0.000909753062438845
2018-03-08,0.0003020769519103683
2018-03-09,0.0
2018-03-10,0.0
2018-03-11,0.0
2018-03-12,-0.00015085619523666494
2018-03-13,-0.0001509472805663603
2018-03-14,-0.00030214575431378177
2018-03-15,-0.00015125568220572538
2018-03-16,-0.002723974803741397
2018-03-17,0.0
2018-03-18,0.0
2018-03-19,0.0016829676537526983
2018-03-20,0.001215843837051478
2018-03-21,0.00015129012503434236
2018-03-22,0.0003022595632055092
2018-03-23,-0.0012431104195602116
2018-03-24,0.0
2018-03-25,0.0
2018-03-26,0.0001524444811158432
2018-03-27,-0.00045679575758170166
2018-03-28,0.003355759956145399
2018-03-29,0.0007524980004731119
2018-03-30,0.0095916575
2018-03-31,0.0
2018-04-01,0.00115
2018-04-02,0.0015251605779964222
2018-04-03,-0.0007494760670074263
2018-04-04,-0.001202620879891897
2018-04-05,0.001510589647287619
2018-04-06,-0.001051048238768837
2018-04-07,0.0
2018-04-08,0.0
2018-04-09,0.00075387683414746
2018-04-10,-0.0003005657202264367
2018-04-11,-0.00030106405893542965
2018-04-12,-0.000904161542344073
2018-04-13,0.00045368742070373
2018-04-14,0.0
2018-04-15,0.0
2018-04-16,0.0013587165865045492
2018-04-17,0.00045048573180905827
2018-04-18,0.0001498578211811541
2018-04-19,-0.000748959131617738
2018-04-20,-0.00015028622361409893
2018-04-21,0.0
2018-04-22,0.0
2018-04-23,-0.0003005657202264367
2018-04-24,-0.0021760450706840573
2018-04-25,-0.001676857058499015
2018-04-26,0.0023020027342317007
2018-04-27,0.0018247856735637003
2018-04-28,0.0
2018-04-29,0.0
2018-04-30,0.0003020180782510318
2018-05-01,0.005754654417856865
2018-05-02,-0.00045066237203883475
2018-05-03,-0.001053591861684161
2018-05-04,0.0016625782112574261
2018-05-05,0.0
2018-05-06,0.0
2018-05-07,0.002252263864117754
2018-05-08,0.0005952388956195764
2018-05-09,0.0001485484806302284
2018-05-10,0.0019286595715429233
2018-05-11,0.0016195464697818518
2018-05-12,0.0
2018-05-13,0.0
2018-05-14,-0.0011701941408967798
2018-05-15,-0.0010287828791192277
2018-05-16,-0.0004427978932662058
2018-05-17,-0.0005913668258406002
2018-05-18,0.0016300729085451104
2018-05-19,0.0
2018-05-20,0.0
2018-05-21,0.0
2018-05-22,0.0
2018-05-23,0.0014724555702334552
2018-05-24,0.0007316772037970765
2018-05-25,0.0006740067154067941
2018-05-26,0.0
2018-05-27,0.0
2018-05-28,-0.00029226846823374175
2018-05-29,-0.0007314440832724423
2018-05-30,0.000880341500529791
2018-05-31,-0.0010233733720989013
2018-06-01,0.003671254207241551
2018-06-02,0.0
2018-06-03,0.0
2018-06-04,0.0005840310345804345
2018-06-05,0.0010197951695676277
2018-06-06,-0.0005803516621870064
2018-06-07,-0.0007272052625174608
2018-06-08,0.0004376190216738296
2018-06-09,0.0
2018-06-10,0.0
2018-06-11,-0.0008736267250388507
2018-06-12,0.0010228409994431087
2018-06-13,-0.0014551585991235405
2018-06-14,0.0007316908483062101
2018-06-15,0.0018973470639347956
2018-06-16,0.0
2018-06-17,0.0
2018-06-18,0.0020278059806815296
2018-06-19,-0.0008621273299827537
2018-06-20,-0.00014411481739756704
2018-06-21,0.0
2018-06-22,0.00028852573284005034
2018-06-23,0.0
2018-06-24,0.0
2018-06-25,-0.0009257653022347323
2018-06-26,0.0
2018-06-27,-0.0013065548629369594
2018-06-28,0.0016053808648690548
2018-06-29,-0.0002900989086442596
2018-06-30,0.0042469755
2018-07-01,0.0024
2018-07-02,0.0012
2018-07-03,0.002758425326950309
2018-07-04,-0.0005743073047858871
2018-07-05,0.0007196096675324837
2018-07-06,0.0007175603462974967
2018-07-07,0.0
2018-07-08,0.0
2018-07-09,-0.00042927512989407446
2018-07-10,0.00014333783543640788
2018-07-11,-0.001002838071889084
2018-07-12,0.0010068770102875657
2018-07-13,-0.0005731352061456307
2018-07-14,0.0
2018-07-15,0.0
2018-07-16,0.0
2018-07-17,0.0008616219087243526
2018-07-18,-0.001287873509302262
2018-07-19,0.0008630443472167348
2018-07-20,-0.0024369199445094247
2018-07-21,0.0
2018-07-22,0.0
2018-07-23,0.0017370829584402725
2018-07-24,-0.0021563946906128784
2018-07-25,0.001441408635000141
2018-07-26,-0.0004343022288428311
2018-07-27,-0.0004350418266984013
2018-07-28,0.0
2018-07-29,0.0
2018-07-30,0.0002904469704807511
2018-07-31,0.002031465992993975
2018-08-01,0.013793885765981345
2018-08-02,0.0008630749414205163
2018-08-03,0.003010257574629638
2018-08-04,0.0
2018-08-05,0.0
2018-08-06,0.0
2018-08-07,-0.0032577909595704058
2018-08-08,0.0012916559856446796
2018-08-09,0.00014281506341878858
2018-08-10,-0.001141565531892652
2018-08-11,0.0
2018-08-12,0.0
2018-08-13,0.0014334666566891974
2018-08-14,0.0018529429380135798
2018-08-15,0.0009902897679123779
2018-08-16,0.0008455606570911822
2018-08-17,0.0016854208120651304
2018-08-18,0.0
2018-08-19,0.0
2018-08-20,0.0005580032442309979
2018-08-21,0.0005567450076474079
2018-08-22,-0.0009721194480142581
2018-08-23,-0.00111546179068997
2018-08-24,-0.0009803507072534412
2018-08-25,0.0
2018-08-26,0.0
2018-08-27,0.0006916470410654463
2018-08-28,0.00014068092133151522
2018-08-29,-0.0008441114488697277
2018-08-30,0.0
2018-08-31,0.00014117233221971892
2018-09-01,0.0012
2018-09-02,0.0
2018-09-03,0.00115
2018-09-04,-0.0009875074084236268
2018-09-05,0.0007081664369274487
2018-09-06,0.000706244638845499
2018-09-07,0.00042251548957195073
2018-09-08,0.0
2018-09-09,0.0
2018-09-10,0.0005624816704434821
2018-09-11,0.0021043410169456767
2018-09-12,0.0011129760068734895
2018-09-13,0.0012465407923127336
2018-09-14,0.00041346227528388235
2018-09-15,0.0
2018-09-16,0.0
2018-09-17,0.0005503166979493046
2018-09-18,-0.0024712072131049534
2018-09-19,-0.001962474825496996
2018-09-20,-0.0004208458555658434
2018-09-21,0.0016861752775410022
2018-09-22,0.0
2018-09-23,0.0
2018-09-24,-0.0005582722892951975
2018-09-25,0.0001398223205768545
2018-09-26,-0.0027963392543429444
2018-09-27,-0.001272644963008357
2018-09-28,-0.0004263487998278914
2018-09-29,0.0
2018-09-30,0.00791790425
2018-10-01,0.0028881048884663385
2018-10-02,-0.00028545735240584347
2018-10-03,-0.0012866123905715121
2018-10-04,-0.002298828547659254
2018-10-05,-0.0014500578088984528
2018-10-06,0.0
2018-10-07,0.0
2018-10-08,0.0
2018-10-09,0.00014584205999695898
2018-10-10,-0.00306113985808501
2018-10-11,-0.001328254798916212
2018-10-12,0.0007417932831252916
2018-10-13,0.0
2018-10-14,0.0
2018-10-15,0.000591800279622523
2018-10-16,0.0017708974068385008
2018-10-17,0.0002931330788139008
2018-10-18,-0.0008782720315183568
2018-10-19,0.0029376667139202617
2018-10-20,0.0
2018-10-21,0.0
2018-10-22,0.0
2018-10-23,-0.00043539711652340607
2018-10-24,-0.00029098059089693873
2018-10-25,0.0008625068607950315
2018-10-26,0.00029145933489660436
2018-10-27,0.0
2018-10-28,0.0
2018-10-29,-0.0021827894106583867
2018-10-30,0.002642363596901842
2018-10-31,0.0
2018-11-01,0.015136404648672002
2018-11-02,-0.00659035431694277
2018-11-03,0.0
2018-11-04,0.0
2018-11-05,0.0036786566027815493
2018-11-06,0.0026101935594362025
2018-11-07,0.001148167599819061
2018-11-08,0.0007142708980035217
2018-11-09,0.0011395838552719084
2018-11-10,0.0
2018-11-11,0.0
2018-11-12,0.0007090666848741378
2018-11-13,-0.0001414434571589407
2018-11-14,-0.0005659380062634778
2018-11-15,-0.0014179612661840701
2018-11-16,-0.0002853074768685848
2018-11-17,0.0
2018-11-18,0.0
2018-11-19,-0.0017132808527289545
2018-11-20,-0.0012938551563643763
2018-11-21,0.0013005862372015842
2018-11-22,-0.00043127976488641084
2018-11-23,0.0005759486707833661
2018-11-24,0.0
2018-11-25,0.0
2018-11-26,-0.0017240489378476664
2018-11-27,0.0007117278550108908
2018-11-28,0.0021726720429570134
2018-11-29,0.0005744315743774209
2018-11-30,0.0005730989695837407
2018-12-01,0.0098
2018-12-02,0.0
2018-12-03,-0.0014294626576324687
2018-12-04,-0.0010062928692674278
2018-12-05,0.0014433348013285774
2018-12-06,0.002870430738882268
2018-12-07,0.00014173254865368357
2018-12-08,0.0
2018-12-09,0.0
2018-12-10,-0.0011344022649398544
2018-12-11,-0.00014245447749763884
2018-12-12,-0.0027080842613399214
2018-12-13,0.0004322739646896445
2018-12-14,0.0011507671770641936
2018-12-15,0.0
2018-12-16,0.0
2018-12-17,-0.006300148324678817
2018-12-18,0.0033784490533408373
2018-12-19,-0.0021739946152857237
2018-12-20,-0.0021928887360805616
2018-12-21,-0.0023598883171621343
2018-12-22,0.0
2018-12-23,0.0
2018-12-24,-0.0035736307878049545
2018-12-25,0.0
2018-12-26,0.0
2018-12-27,0.0028700453073135512
2018-12-28,0.0008847770813408262
2018-12-29,0.0
2018-12-30,0.01286514875
2018-12-31,0.0008966697115506683
2019-01-01,0.007325
2019-01-02,-0.0005956325623679148
2019-01-03,-0.0016418197543162372
2019-01-04,0.0006010513391729866
2019-01-05,0.0
2019-01-06,0.0
2019-01-07,0.002997507473675054
2019-01-08,0.0025177962390199315
2019-01-09,0.0020527956366555022
2019-01-10,0.0015997156966444104
2019-01-11,0.0024566232830965373
2019-01-12,0.0
2019-01-13,0.0
2019-01-14,0.0010017535542173883
2019-01-15,-0.0002849103373987194
2019-01-16,0.0017122244788413954
2019-01-17,-0.000566900493344541
2019-01-18,-0.00014203945715277055
2019-01-19,0.0
2019-01-20,0.0
2019-01-21,0.00042642282902477513
2019-01-22,-0.0002838185183834663
2019-01-23,0.0008522989250145385
2019-01-24,0.001840409627168027
2019-01-25,0.0017070617136429322
2019-01-26,0.0
2019-01-27,0.0
2019-01-28,0.0015415412039277987
2019-01-29,-0.0006964698772375932
2019-01-30,0.0006984155788875568
2019-01-31,0.0004177817279557572
2019-02-01,0.002382915273555111
2019-02-02,0.0
2019-02-03,0.0
2019-02-04,0.0006962573352050083
2019-02-05,0.0020833342164656155
2019-02-06,0.0011019888950700718
2019-02-07,0.0013713063328175124
2019-02-08,-0.00013632902363147625
2019-02-09,0.0
2019-02-10,0.0
2019-02-11,0.0002728960629841959
2019-02-12,-0.0008178549312393979
2019-02-13,-0.0015044064517563682
2019-02-14,0.003026968436848576
2019-02-15,-0.001223506208678643
2019-02-16,0.0
2019-02-17,0.0
2019-02-18,0.0
2019-02-19,0.00040982132082273415
2019-02-20,0.00040926954106329516
2019-02-21,0.0009530848286314342
2019-02-22,-0.0003948945795451131
2019-02-23,0.0
2019-02-24,0.0
2019-02-25,0.0
2019-02-26,0.0006820253812429011
2019-02-27,-0.00013595125380289064
2019-02-28,0.002857785797199086
2019-03-01,0.0017426928829338028
2019-03-02,0.0
2019-03-03,0.0
2019-03-04,0.00040504921683642836
2019-03-05,0.002291073431538393
2019-03-06,0.0006677003006644866
2019-03-07,0.0005327807920658678
2019-03-08,-0.000797493325214671
2019-03-09,0.0
2019-03-10,0.0
2019-03-11,-0.0002666673384384699
2019-03-12,0.0
2019-03-13,-0.0008008127842498713
2019-03-14,-0.0009373711767108883
2019-03-15,0.0008064974211055564
2019-03-16,0.0
2019-03-17,0.0
2019-03-18,0.0006699345768174658
2019-03-19,0.0008016394696562235
2019-03-20,0.0010656049713673177
2019-03-21,0.0025198631948359362
2019-03-22,0.0010503797323832553
2019-03-23,0.0
2019-03-24,0.0
2019-03-25,0.0008006492538101817
2019-03-26,0.00013075353037361737
2019-03-27,0.0006537370897639616
2019-03-28,0.0005216877231294936
2019-03-29,-0.0002603429149249381
2019-03-30,0.0106304875
2019-03-31,0.0
2019-04-01,0.0022788841242702444
2019-04-02,-0.0010443664150719123
2019-04-03,0.0009177196735272175
2019-04-04,-0.0013061644496056846
2019-04-05,-0.0007878743905468943
2019-04-06,0.0
2019-04-07,0.0
2019-04-08,-0.00013167766493163424
2019-04-09,-0.00026355114220891207
2019-04-10,0.0017150187160936414
2019-04-11,-0.0007861660181691099
2019-04-12,0.0003943301321856496
2019-04-13,0.0
2019-04-14,0.0
2019-04-15,-0.001312321164883834
2019-04-16,-0.0038258812434313894
2019-04-17,-0.0020097034379739642
2019-04-18,0.0018909395797624962
2019-04-19,0.0
2019-04-20,0.0
2019-04-21,0.0
2019-04-22,-0.0018767443391544958
2019-04-23,-0.000675339738801406
2019-04-24,6.808170343552966e-05
2019-04-25,-0.0005434800757854463
2019-04-26,0.0020423950848531547
2019-04-27,0.0
2019-04-28,0.0
2019-04-29,0.00040525340262015375
2019-04-30,-0.0008091078724442591
2019-05-01,0.010125
2019-05-02,-0.0010821820799385984
2019-05-03,0.0005434361357157802
2019-05-04,0.0
2019-05-05,0.0
2019-05-06,0.0016269183691197675
2019-05-07,0.00040410347255998014
2019-05-08,-0.0005378964456560775
2019-05-09,0.00013473501136190835
2019-05-10,0.002155179799182505
2019-05-11,0.0
2019-05-12,0.0
2019-05-13,0.002136788189074812
2019-05-14,0.0
2019-05-15,-0.0001324228223461288
2019-05-16,0.0018547449376161151
2019-05-17,-0.0009205358907349859
2019-05-18,0.0
2019-05-19,0.0
2019-05-20,0.0
2019-05-21,0.0010559270677951704
2019-05-22,0.0006571839997877582
2019-05-23,-0.0002621363372375396
2019-05-24,-0.0003292840468472058
2019-05-25,0.0
2019-05-26,0.0
2019-05-27,0.0014504291806219372
2019-05-28,-0.0030151760023273133
2019-05-29,-0.0014597101244983313
2019-05-30,-0.00013344378987933947
2019-05-31,-0.00013351505690017973
2019-06-01,0.0017499999999999998
2019-06-02,0.0
2019-06-03,0.0014258740391928113
2019-06-04,-0.0012006251454328432
2019-06-05,0.002010674287009906
2019-06-06,0.0018617851696977605
2019-06-07,0.000923890807768557
2019-06-08,0.0
2019-06-09,0.0
2019-06-10,0.0002630554122786122
2019-06-11,-0.0014451075898916088
2019-06-12,0.00013213206528950305
2019-06-13,0.001188617151999749
2019-06-14,-0.0003943261765591566
2019-06-15,0.0
2019-06-16,0.0
2019-06-17,0.0007898558337374184
2019-06-18,0.0017060231870045794
2019-06-19,-0.0005885086018288799
2019-06-20,-0.0009177255397222195
2019-06-21,0.0003948264854103378
2019-06-22,0.0
2019-06-23,0.0
2019-06-24,0.0001313450430059926
2019-06-25,-0.0006565912397668294
2019-06-26,-0.0048708931205938
2019-06-27,0.0006712577756361471
2019-06-28,-0.000133877713934083
2019-06-29,0.0
2019-06-30,0.0017795379999999998
2019-07-01,0.003025
2019-07-02,0.0018756938819387003
2019-07-03,0.0037234088295690637
2019-07-04,-0.00039315689003907583
2019-07-05,-0.0005248990457704383
2019-07-06,0.0
2019-07-07,0.0
2019-07-08,0.0002630791627785678
2019-07-09,0.0007882109145395666
2019-07-10,0.0005237990437825246
2019-07-11,-0.0014375371036219886
2019-07-12,-0.0005257831764244325
2019-07-13,0.0
2019-07-14,0.0
2019-07-15,-0.0003950873834855373
2019-07-16,-0.0013192920353582438
2019-07-17,0.00039781206911970735
2019-07-18,-0.0001323744491368295
2019-07-19,-0.0001325155028386038
2019-07-20,0.0
2019-07-21,0.0
2019-07-22,0.0002651006008455026
2019-07-23,0.002118728411353521
2019-07-24,-0.0001312760731601026
2019-07-25,-0.0008699745400476133
2019-07-26,0.000661361583948028
2019-07-27,0.0
2019-07-28,0.0
2019-07-29,0.00013190642769178584
2019-07-30,-0.0006593109667843433
2019-07-31,-0.0003966551686466202
2019-08-01,0.008256591079225634
2019-08-02,-0.00026328533117203623
2019-08-03,0.0
2019-08-04,0.0
2019-08-05,0.0
2019-08-06,-0.00118611742682051
2019-08-07,0.0037076684001956517
2019-08-08,0.0
2019-08-09,-0.0007828895914739342
2019-08-10,0.0
2019-08-11,0.0
2019-08-12,0.00039265352832568157
2019-08-13,0.0016989280312164068
2019-08-14,-0.0014278522875471322
2019-08-15,0.0011749407563396153
2019-08-16,0.0012994322363794608
2019-08-17,0.0
2019-08-18,0.0
2019-08-19,0.002068164344138257
2019-08-20,0.000641066998149975
2019-08-21,-0.0006394273351010005
2019-08-22,-0.00038453075510030965
2019-08-23,-0.002824916737060673
2019-08-24,0.0
2019-08-25,0.0
2019-08-26,0.0009643325825177684
2019-08-27,0.0015575367966600973
2019-08-28,0.001161005642027868
2019-08-29,0.00012844831701841475
2019-08-30,0.0014116735948916381
2019-08-31,0.0
2019-09-01,0.002975
2019-09-02,0.0
2019-09-03,0.0017866093819549622
2019-09-04,0.0005069012690818719
2019-09-05,-0.001643924076195763
2019-09-06,-0.001272945068729242
2019-09-07,0.0
2019-09-08,0.0
2019-09-09,-0.0007676160069946814
2019-09-10,-0.0015400423009349629
2019-09-11,-0.00025824635944601826
2019-09-12,-0.00025852714781132713
2019-09-13,0.0
2019-09-14,0.0
2019-09-15,0.0
2019-09-16,0.003364304482140923
2019-09-17,0.002681351010151767
2019-09-18,0.0005053240670703785
2019-09-19,0.000756376628257116
2019-09-20,0.0016340064116531217
2019-09-21,0.0
2019-09-22,0.0
2019-09-23,-0.0004995053952319695
2019-09-24,0.0004268089176754919
2019-09-25,0.0015037662506258154
2019-09-26,0.0009964991138180501
2019-09-27,-0.0011166534436351516
2019-09-28,0.0
2019-09-29,0.0
2019-09-30,0.009739766348272892
2019-10-01,0.0008531546507051183
2019-10-02,0.00037758181944741454
2019-10-03,0.0030165922768713993
2019-10-04,0.0016145539814868548
2019-10-05,0.0
2019-10-06,0.0
2019-10-07,0.0018509364396487316
2019-10-08,0.000489975455129299
2019-10-09,0.0007334672249597052
2019-10-10,-0.0013407886142339787
2019-10-11,-0.002696075463661879
2019-10-12,0.0
2019-10-13,0.0
2019-10-14,0.0
2019-10-15,0.0
2019-10-16,-0.0004955467509721589
2019-10-17,-0.00037242454497907196
2019-10-18,-0.0007458417343160217
2019-10-19,0.0
2019-10-20,0.0
2019-10-21,-0.00024936664968711053
2019-10-22,0.0
2019-10-23,-0.0012481972498324667
2019-10-24,0.0003763487903939433
2019-10-25,-0.0007287278702121647
2019-10-26,0.0
2019-10-27,0.0
2019-10-28,-0.0012600453392598021
2019-10-29,-0.0010131962317772858
2019-10-30,0.001525951933938563
2019-10-31,0.0013902541530240176
2019-11-01,0.021309722034187892
2019-11-02,0.0
2019-11-03,0.0
2019-11-04,-0.002121783984831066
2019-11-05,-0.0020141482071446837
2019-11-06,0.0020305071767028893
2019-11-07,-0.0008812097958590115
2019-11-08,-0.0007579639753102496
2019-11-09,0.0
2019-11-10,0.0
2019-11-11,0.0002534542464667777
2019-11-12,-0.0012658673541817433
2019-11-13,0.0012723096552095248
2019-11-14,0.0025315875549289935
2019-11-15,0.001503757068440914
2019-11-16,0.0
2019-11-17,0.0
2019-11-18,0.0014948318301027386
2019-11-19,-0.0016097277908443675
2019-11-20,-0.00012462261553550236
2019-11-21,-0.0009974913350542236
2019-11-22,0.000751105503148386
2019-11-23,0.0
2019-11-24,0.0
2019-11-25,0.0009984873570134112
2019-11-26,-0.0004738389801969556
2019-11-27,0.0017491200497036785
2019-11-28,0.0006203389612500776
2019-11-29,-0.00024751096444106113
2019-11-30,0.0
2019-12-01,0.002925
2019-12-02,-0.0013627768665044337
2019-12-03,0.00037371067455016505
2019-12-04,-0.0006218690330397902
2019-12-05,0.0026183998373980333
2019-12-06,-0.0007403340039232875
2019-12-07,0.0
2019-12-08,0.0
2019-12-09,0.0008663535717727822
2019-12-10,0.000863348671705344
2019-12-11,-0.006760102976462318
2019-12-12,-0.0046740304843525815
2019-12-13,-0.0003862731541459663
2019-12-14,0.0
2019-12-15,0.0
2019-12-16,0.001418300254421967
2019-12-17,0.00012817096507428127
2019-12-18,0.0011532850980272569
2019-12-19,0.0016581514655629181
2019-12-20,0.000633557728485834
2019-12-21,0.0
2019-12-22,0.0
2019-12-23,-0.0015166922300572927
2019-12-24,0.0008901362756154607
2019-12-25,0.0
2019-12-26,0.0
2019-12-27,0.001520509178670637
2019-12-28,0.0
2019-12-29,0.0
2019-12-30,0.0019486620675109021
2019-12-31,-0.0007672647827555723
2020-01-01,0.014525
2020-01-02,-0.004874280883662152
2020-01-03,0.003793802215174724
2020-01-04,0.0
2020-01-05,0.0
2020-01-06,-0.0014175395193446183
2020-01-07,0.001814446486111454
2020-01-08,-0.0007719765891791575
2020-01-09,0.0011615852509428426
2020-01-10,0.0011561863314141219
2020-01-11,0.0
2020-01-12,0.0
2020-01-13,0.0011508638790688752
2020-01-14,0.0001272936926121071
2020-01-15,0.0038168275750656844
2020-01-16,0.003508773715750535
2020-01-17,0.0003707178701097824
2020-01-18,0.0
2020-01-19,0.0
2020-01-20,-0.00037016895712030373
2020-01-21,0.001730111109824073
2020-01-22,0.0017181946981581486
2020-01-23,0.0004875763742283046
2020-01-24,-0.0009732546046512525
2020-01-25,0.0
2020-01-26,0.0
2020-01-27,3.67465301430725e-05
2020-01-28,-0.0008573566144665368
2020-01-29,0.0006144976891987453
2020-01-30,0.00012261601471064143
2020-01-31,-0.001348025893090521
2020-02-01,0.005475000000000001
2020-02-02,0.0
2020-02-03,0.001971448398087161
2020-02-04,-0.0018337927503982165
2020-02-05,0.0008621046354616024
2020-02-06,0.0023318384095973865
2020-02-07,0.0014591501584665933
2020-02-08,0.0
2020-02-09,0.0
2020-02-10,0.0004835484819702973
2020-02-11,-0.00012063809358636712
2020-02-12,0.0010864299567954205
2020-02-13,0.000721156869944839
2020-02-14,0.001797700239781319
2020-02-15,0.0
2020-02-16,0.0
2020-02-17,0.0
2020-02-18,0.0015468703647815718
2020-02-19,-0.0005912924793863017
2020-02-20,0.002370789516022098
2020-02-21,-0.0008219429469645823
2020-02-22,0.0
2020-02-23,0.0
2020-02-24,-0.0026823616447042564
2020-02-25,-0.002388918025872322
2020-02-26,-0.001567803480657548
2020-02-27,-0.00364074968272432
2020-02-28,-0.00960588744065996
2020-02-29,0.0
2020-03-01,0.00215
2020-03-02,0.007300165130563863
2020-03-03,0.002239952566104375
2020-03-04,0.007893426233781253
2020-03-05,-0.0013151659518582381
2020-03-06,-0.003966376002894539
2020-03-07,0.0
2020-03-08,0.0
2020-03-09,-0.0163654061536328
2020-03-10,0.0014375661700625764
2020-03-11,-0.011824341501494473
2020-03-12,-0.021822145830739048
2020-03-13,0.008368203943553698
2020-03-14,0.0
2020-03-15,0.0
2020-03-16,-0.028629241543466133
2020-03-17,0.0013063167378593032
2020-03-18,-0.034762834756680155
2020-03-19,-0.004339638045780053
2020-03-20,0.00480031764656591
2020-03-21,0.0
2020-03-22,0.0
2020-03-23,-0.03636021282463034
2020-03-24,0.02380949990132003
2020-03-25,0.02251764309930443
2020-03-26,0.00556793417985435
2020-03-27,0.0012708649795198923
2020-03-28,0.0
2020-03-29,0.0
2020-03-30,-0.012297646617022647
2020-03-31,0.006150520748561483
2020-04-01,-0.01250396651386447
2020-04-02,0.0033758438015931147
2020-04-03,-0.002405605233055247
2020-04-04,0.0
2020-04-05,0.0
2020-04-06,0.007847526210892242
2020-04-07,0.007608707333809139
2020-04-08,0.015119557798998762
2020-04-09,0.004973479624479582
2020-04-10,0.0
2020-04-11,0.0
2020-04-12,0.0
2020-04-13,-0.009102749519973918
2020-04-14,0.002530384349054504
2020-04-15,-0.004676036903580982
2020-04-16,-0.002552742062837149
2020-04-17,0.00773728393235773
2020-04-18,0.0
2020-04-19,0.0
2020-04-20,0.0
2020-04-21,-0.011174164308097811
2020-04-22,-0.00034914802344246376
2020-04-23,-0.0031468349396053252
2020-04-24,0.004590121461080843
2020-04-25,0.0
2020-04-26,0.0
2020-04-27,0.01240391795220741
2020-04-28,0.0018308555475137767
2020-04-29,0.0019828239822304305
2020-04-30,-0.004754100101535957
2020-05-01,-0.0034489279394840223
2020-05-02,0.0
2020-05-03,0.0
2020-05-04,-0.004791247268761595
2020-05-05,0.0026169121184451694
2020-05-06,-0.0010359247277934303
2020-05-07,0.0010402351490478856
2020-05-08,0.003798319883306256
2020-05-09,0.0
2020-05-10,0.0
2020-05-11,-0.0027210708616002277
2020-05-12,-0.00859699483376683
2020-05-13,-0.005697968988208568
2020-05-14,0.003644286173302702
2020-05-15,0.0005388091709849219
2020-05-16,0.0
2020-05-17,0.0
2020-05-18,0.0
2020-05-19,0.007347680719051841
2020-05-20,0.0
2020-05-21,0.0012186515825625688
2020-05-22,-0.0007311351227489438
2020-05-23,0.0
2020-05-24,0.0
2020-05-25,0.006459514444324577
2020-05-26,0.003914225817352179
2020-05-27,-0.00335119992686711
2020-05-28,-0.0003396715119192706
2020-05-29,-0.002380935527315886
2020-05-30,0.0
2020-05-31,0.0
2020-06-01,0.0026651149669063715
2020-06-02,-0.0018848653505291468
2020-06-03,0.007769343378149329
2020-06-04,0.0033489379092391802
2020-06-05,0.009418383583299272
2020-06-06,0.0
2020-06-07,0.0
2020-06-08,0.007165611200079192
2020-06-09,-0.006346759395242901
2020-06-10,-0.004764945061468989
2020-06-11,-0.009391192009390564
2020-06-12,0.007738910826034562
2020-06-13,0.0
2020-06-14,0.0
2020-06-15,0.00375329548069675
2020-06-16,0.0012861479930751374
2020-06-17,-0.003039046782621152
2020-06-18,-0.002266823502299231
2020-06-19,-0.004248352656109705
2020-06-20,0.0
2020-06-21,0.0
2020-06-22,0.0
2020-06-23,0.0011635470643316381
2020-06-24,-0.004188265046468048
2020-06-25,0.0013522638484692595
2020-06-26,-0.0031943375624457204
2020-06-27,0.0
2020-06-28,0.0
2020-06-29,0.0005108878961836982
2020-06-30,0.006839886964344151
2020-07-01,0.0026249999999999997
2020-07-02,0.0056932340720249885
2020-07-03,-0.0027832512380794594
2020-07-04,0.0
2020-07-05,0.0
2020-07-06,-0.0006622258671416248
2020-07-07,-0.0014940245760316495
2020-07-08,-0.0008350300994804383
2020-07-09,-0.003183649785080539
2020-07-10,0.0006789119125367171
2020-07-11,0.0
2020-07-12,0.0
2020-07-13,0.0015233245011911367
2020-07-14,-0.0018505934883985276
2020-07-15,0.007288135838282583
2020-07-16,-0.0016468898721925807
2020-07-17,-0.0004973533414581732
2020-07-18,0.0
2020-07-19,0.0
2020-07-20,-0.0006644596735665698
2020-07-21,-0.0028314284840528225
2020-07-22,0.0030323464891270913
2020-07-23,-0.002996006766725151
2020-07-24,-0.0010107935685868263
2020-07-25,0.0
2020-07-26,0.0
2020-07-27,-0.00020376270107091976
2020-07-28,0.0037389374323675284
2020-07-29,0.0021768623966043066
2020-07-30,0.0021579871401020134
2020-07-31,-0.0023041229146137376
2020-08-01,0.007000000000000001
2020-08-02,0.0
2020-08-03,0.0
2020-08-04,-0.000830575055896482
2020-08-05,0.0010000326398137416
2020-08-06,0.0006639818342926151
2020-08-07,0.00016556831533581784
2020-08-08,0.0
2020-08-09,0.0
2020-08-10,0.0026472393629916047
2020-08-11,0.0016372009036642599
2020-08-12,-0.0013012292910637158
2020-08-13,-0.0029430968202143193
2020-08-14,-0.001985454627251221
2020-08-15,0.0
2020-08-16,0.0
2020-08-17,0.0010006829241299697
2020-08-18,-0.000498338312179547
2020-08-19,-0.0019973514791739033
2020-08-20,0.004362422782496211
2020-08-21,-0.001813976631392905
2020-08-22,0.0
2020-08-23,0.0
2020-08-24,0.0009966766243590386
2020-08-25,-0.0011958686663998963
2020-08-26,-0.0006675386004943995
2020-08-27,0.0005020196460123749
2020-08-28,0.0008349889622866202
2020-08-29,0.0
2020-08-30,0.0
2020-08-31,-0.005159788971898505
2020-09-01,0.0025699563484142133
2020-09-02,0.0015285337480892558
2020-09-03,-0.0013504531232819972
2020-09-04,-0.0022063642924170235
2020-09-05,0.0
2020-09-06,0.0
2020-09-07,0.0
2020-09-08,0.0010273692507370424
2020-09-09,0.0003410892282135203
2020-09-10,-0.002554503522938345
2020-09-11,-0.00034410625582295684
2020-09-12,0.0
2020-09-13,0.0
2020-09-14,0.003445892260304617
2020-09-15,0.00339904133933
2020-09-16,0.001844408695365951
2020-09-17,-0.0009986580124132782
2020-09-18,-0.002506691887443291
2020-09-19,0.0
2020-09-20,0.0
2020-09-21,-0.004220117106063875
2020-09-22,-0.00034341453151465196
2020-09-23,-0.005330143219682476
2020-09-24,0.0010231367379328615
2020-09-25,0.002635299711544581
2020-09-26,0.0
2020-09-27,0.0
2020-09-28,0.0026077928175901044
2020-09-29,-0.0020647004990244078
2020-09-30,0.014719881703089263
