Date,Price
2007-01-02,7.576095
2007-01-03,7.509599
2007-01-04,7.476349
2007-01-05,7.424099
2007-01-08,7.371848
2007-01-09,7.443098
2007-01-10,7.552345
2007-01-11,7.685345
2007-01-12,7.732842
2007-01-15,7.861093
2007-01-16,7.884842
2007-01-17,7.875341
2007-01-18,7.842092
2007-01-19,7.808843
2007-01-22,7.813596
2007-01-23,7.842092
2007-01-24,7.884842
2007-01-25,7.937084
2007-01-26,7.951344
2007-01-29,7.946585
2007-01-30,7.90859
2007-01-31,7.951344
2007-02-01,8.003592
2007-02-02,8.022589
2007-02-05,8.055841
2007-02-06,8.150837
2007-02-07,8.13659
2007-02-08,8.212584
2007-02-09,8.146088
2007-02-12,8.070086
2007-02-13,8.141335
2007-02-14,8.174589
2007-02-15,8.369329
2007-02-16,8.345584
2007-02-19,8.32658
2007-02-20,8.435832
2007-02-21,8.350332
2007-02-22,8.450081
2007-02-23,8.459574
2007-02-26,8.445333
2007-02-27,8.188835
2007-02-28,8.336081
2007-03-01,8.364585
2007-03-02,8.369329
2007-03-05,8.122334
2007-03-06,8.193584
2007-03-07,8.283831
2007-03-08,8.321833
2007-03-09,8.336081
2007-03-12,8.288581
2007-03-13,8.141335
2007-03-14,8.01784
2007-03-15,8.055841
2007-03-16,8.074832
2007-03-19,8.093835
2007-03-20,8.141335
2007-03-21,8.169833
2007-03-22,8.241084
2007-03-23,8.184087
2007-03-26,8.184087
2007-03-27,8.110655
2007-03-28,8.086664
2007-03-29,8.014677
2007-03-30,7.96668
2007-04-02,7.990676
2007-04-03,8.000281
2007-04-04,8.000281
2007-04-05,8.014677
2007-04-09,8.005072
2007-04-10,7.995475
2007-04-11,7.990676
2007-04-12,7.97148
2007-04-13,7.961884
2007-04-16,8.014677
2007-04-17,8.057866
2007-04-18,8.153855
2007-04-19,8.158647
2007-04-20,8.192241
2007-04-23,8.302625
2007-04-24,8.177847
2007-04-25,8.173042
2007-04-26,8.206647
2007-04-27,8.144252
2007-04-30,8.158647
2007-05-01,8.153855
2007-05-02,8.163448
2007-05-03,8.182641
2007-05-04,8.20184
2007-05-07,8.29783
2007-05-08,8.302625
2007-05-09,8.29783
2007-05-10,8.288227
2007-05-11,8.269028
2007-05-14,8.259432
2007-05-15,8.254637
2007-05-16,8.259432
2007-05-17,8.206647
2007-05-18,8.177847
2007-05-22,8.129855
2007-05-23,8.110655
2007-05-24,7.937887
2007-05-25,7.957081
2007-05-28,7.990676
2007-05-29,8.029069
2007-05-30,8.105857
2007-05-31,8.163448
2007-06-01,8.144252
2007-06-04,8.278628
2007-06-05,8.269028
2007-06-06,8.211441
2007-06-07,8.125051
2007-06-08,8.03867
2007-06-11,8.077063
2007-06-12,7.96668
2007-06-13,8.057866
2007-06-14,8.03867
2007-06-15,8.033866
2007-06-18,7.909091
2007-06-19,7.96668
2007-06-20,7.96668
2007-06-21,7.942685
2007-06-22,7.865903
2007-06-25,7.755517
2007-06-26,7.695277
2007-06-27,7.758432
2007-06-28,7.807012
2007-06-29,7.821587
2007-07-03,7.918751
2007-07-04,7.909032
2007-07-05,8.011053
2007-07-06,8.059638
2007-07-09,8.025631
2007-07-10,8.054775
2007-07-11,8.020769
2007-07-12,8.054775
2007-07-13,8.108218
2007-07-16,8.088783
2007-07-17,8.059638
2007-07-18,8.025631
2007-07-19,8.030485
2007-07-20,7.889601
2007-07-23,7.831304
2007-07-24,7.719562
2007-07-25,7.661267
2007-07-26,7.5301
2007-07-27,7.505805
2007-07-30,7.432939
2007-07-31,7.457224
2007-08-01,7.457224
2007-08-02,7.515526
2007-08-03,7.661267
2007-08-07,7.578682
2007-08-08,7.661267
2007-08-09,7.617544
2007-08-10,7.554382
2007-08-13,7.554382
2007-08-14,7.471801
2007-08-15,7.384359
2007-08-16,7.277476
2007-08-17,7.34549
2007-08-20,7.481515
2007-08-21,7.500949
2007-08-22,7.505805
2007-08-23,7.515526
2007-08-24,7.578682
2007-08-27,7.58354
2007-08-28,7.505805
2007-08-29,7.500949
2007-08-30,7.554382
2007-08-31,7.607831
2007-09-04,7.734136
2007-09-05,7.704991
2007-09-06,7.58354
2007-09-07,7.515526
2007-09-10,7.481515
2007-09-11,7.539812
2007-09-12,7.525245
2007-09-13,7.598108
2007-09-14,7.5301
2007-09-17,7.491231
2007-09-18,7.602967
2007-09-19,7.651554
2007-09-20,7.622401
2007-09-21,7.632123
2007-09-24,7.622401
2007-09-25,7.70193
2007-09-26,7.775557
2007-09-27,7.795192
2007-09-28,7.834462
2007-10-01,7.809924
2007-10-02,7.829555
2007-10-03,7.878642
2007-10-04,7.8541
2007-10-05,7.903187
2007-10-09,7.8541
2007-10-10,7.863916
2007-10-11,7.839372
2007-10-12,7.790287
2007-10-15,7.716656
2007-10-16,7.61357
2007-10-17,7.657748
2007-10-18,7.64793
2007-10-19,7.584117
2007-10-22,7.446671
2007-10-23,7.476121
2007-10-24,7.402488
2007-10-25,7.554662
2007-10-26,7.466301
2007-10-29,7.485939
2007-10-30,7.471214
2007-10-31,7.495759
2007-11-01,7.412308
2007-11-02,7.304316
2007-11-05,7.220863
2007-11-06,7.161952
2007-11-07,6.990149
2007-11-08,6.990149
2007-11-09,6.980331
2007-11-12,6.970512
2007-11-13,7.127597
2007-11-14,7.152141
2007-11-15,7.044145
2007-11-16,6.995058
2007-11-19,7.004877
2007-11-20,6.842883
2007-11-21,6.86743
2007-11-22,6.94597
2007-11-23,6.955787
2007-11-26,6.847794
2007-11-27,6.847794
2007-11-28,6.995058
2007-11-29,7.009783
2007-11-30,7.260132
2007-12-03,7.201223
2007-12-04,7.088325
2007-12-05,7.044145
2007-12-06,7.157047
2007-12-07,7.176683
2007-12-10,7.191413
2007-12-11,7.112866
2007-12-12,7.127597
2007-12-13,7.127597
2007-12-14,7.157047
2007-12-17,6.93615
2007-12-18,6.862522
2007-12-19,6.877247
2007-12-20,6.798708
2007-12-21,6.808523
2007-12-24,6.920251
2007-12-27,6.965549
2007-12-28,6.980645
2007-12-31,7.176932
2008-01-02,7.106473
2008-01-03,7.05111
2008-01-04,6.900123
2008-01-07,6.774298
2008-01-08,6.623314
2008-01-09,6.457226
2008-01-10,6.542786
2008-01-11,6.517622
2008-01-14,6.542786
2008-01-15,6.462256
2008-01-16,6.401865
2008-01-17,6.306237
2008-01-18,6.271009
2008-01-21,6.160285
2008-01-22,6.190481
2008-01-23,6.291138
2008-01-24,6.512586
2008-01-25,6.547817
2008-01-28,6.557881
2008-01-29,6.653508
2008-01-30,6.643445
2008-01-31,6.73404
2008-02-01,6.965549
2008-02-04,6.985679
2008-02-05,6.804497
2008-02-06,6.869922
2008-02-07,6.819594
2008-02-08,6.683704
2008-02-11,6.718941
2008-02-12,6.744099
2008-02-13,6.744099
2008-02-14,6.673643
2008-02-15,6.633375
2008-02-19,6.678674
2008-02-20,6.658544
2008-02-21,6.703834
2008-02-22,6.713906
2008-02-25,6.779333
2008-02-26,6.819594
2008-02-27,6.900123
2008-02-28,6.819594
2008-02-29,6.718941
2008-03-03,6.643445
2008-03-04,6.537753
2008-03-05,6.512586
2008-03-06,6.44213
2008-03-07,6.371665
2008-03-10,6.306237
2008-03-11,6.361602
2008-03-12,6.44213
2008-03-13,6.452191
2008-03-14,6.421997
2008-03-17,6.311269
2008-03-18,6.437089
2008-03-19,6.351536
2008-03-20,6.346498
2008-03-24,6.56292
2008-03-25,6.653508
2008-03-26,6.579445
2008-03-27,6.630175
2008-03-28,6.564224
2008-03-31,6.726558
2008-04-01,6.929469
2008-04-02,6.924395
2008-04-03,6.944688
2008-04-04,6.944688
2008-04-07,6.929469
2008-04-08,6.767141
2008-04-09,6.75699
2008-04-10,6.78236
2008-04-11,6.73163
2008-04-14,6.711342
2008-04-15,6.75699
2008-04-16,6.772216
2008-04-17,6.777282
2008-04-18,6.812797
2008-04-21,6.777282
2008-04-22,6.75699
2008-04-23,6.843234
2008-04-24,6.954835
2008-04-25,6.975121
2008-04-28,7.061365
2008-04-29,6.990341
2008-04-30,6.919326
2008-05-01,7.101944
2008-05-02,7.112089
2008-05-05,7.091801
2008-05-06,7.107018
2008-05-07,6.990341
2008-05-08,7.02078
2008-05-09,6.99542
2008-05-12,6.990341
2008-05-13,6.99542
2008-05-14,7.041069
2008-05-15,7.051218
2008-05-16,7.076583
2008-05-20,7.041069
2008-05-21,6.985272
2008-05-22,6.964978
2008-05-23,6.944688
2008-05-26,7.03093
2008-05-27,7.056294
2008-05-28,7.046143
2008-05-29,7.061365
2008-05-30,7.086728
2008-06-02,7.086728
2008-06-03,7.081656
2008-06-04,7.086728
2008-06-05,7.157745
2008-06-06,7.127311
2008-06-09,7.122234
2008-06-10,7.076583
2008-06-11,7.015708
2008-06-12,7.046143
2008-06-13,7.107018
2008-06-16,7.208473
2008-06-17,7.223693
2008-06-18,7.081656
2008-06-19,7.061365
2008-06-20,7.010635
2008-06-23,6.888886
2008-06-24,6.914249
2008-06-25,6.888982
2008-06-26,6.775548
2008-06-27,6.656944
2008-06-30,6.71367
2008-07-02,6.744604
2008-07-03,6.636322
2008-07-04,6.662103
2008-07-07,6.579604
2008-07-08,6.574441
2008-07-09,6.595065
2008-07-10,6.579604
2008-07-11,6.533189
2008-07-14,6.430062
2008-07-15,6.352714
2008-07-16,6.450687
2008-07-17,6.435219
2008-07-18,6.52288
2008-07-21,6.574441
2008-07-22,6.687886
2008-07-23,6.71367
2008-07-24,6.558976
2008-07-25,6.595065
2008-07-28,6.56413
2008-07-29,6.574441
2008-07-30,6.662103
2008-07-31,6.615695
2008-08-01,6.636322
2008-08-05,6.698197
2008-08-06,6.71367
2008-08-07,6.677573
2008-08-08,6.703355
2008-08-11,6.718822
2008-08-12,6.667258
2008-08-13,6.667258
2008-08-14,6.723982
2008-08-15,6.744604
2008-08-18,6.765234
2008-08-19,6.703355
2008-08-20,6.718822
2008-08-21,6.749762
2008-08-22,6.816795
2008-08-25,6.791016
2008-08-26,6.801328
2008-08-27,6.868357
2008-08-28,6.966331
2008-08-29,6.935392
2008-09-02,6.888982
2008-09-03,6.888982
2008-09-04,6.821953
2008-09-05,6.734288
2008-09-08,6.770386
2008-09-09,6.70851
2008-09-10,6.729138
2008-09-11,6.641474
2008-09-12,6.677573
2008-09-15,6.626008
2008-09-16,6.507412
2008-09-17,6.347564
2008-09-18,6.419749
2008-09-19,6.569288
2008-09-22,6.476471
2008-09-23,6.445532
2008-09-24,6.476471
2008-09-25,6.443887
2008-09-26,6.380811
2008-09-29,6.13378
2008-09-30,6.333508
2008-10-01,6.296714
2008-10-02,6.123265
2008-10-03,6.081216
2008-10-06,5.566129
2008-10-07,5.240252
2008-10-08,5.066807
2008-10-09,4.83554
2008-10-10,4.99322
2008-10-14,5.203462
2008-10-15,4.861821
2008-10-16,4.945918
2008-10-17,5.008989
2008-10-20,5.166669
2008-10-21,5.177185
2008-10-22,4.935406
2008-10-23,4.77247
2008-10-24,4.709397
2008-10-27,4.472875
2008-10-28,4.620044
2008-10-29,4.761955
2008-10-30,4.846053
2008-10-31,4.898612
2008-11-03,4.982709
2008-11-04,5.103597
2008-11-05,4.919639
2008-11-06,4.688372
2008-11-07,4.73042
2008-11-10,4.646327
2008-11-11,4.483387
2008-11-12,4.330963
2008-11-13,4.304681
2008-11-14,4.236353
2008-11-17,4.157516
2008-11-18,4.17854
2008-11-19,3.910478
2008-11-20,3.637167
2008-11-21,3.637167
2008-11-24,3.821129
2008-11-25,3.920993
2008-11-26,4.010345
2008-11-27,4.125978
2008-11-28,4.457104
2008-12-01,4.125978
2008-12-02,4.104953
2008-12-03,4.020855
2008-12-04,3.926248
2008-12-05,3.868433
2008-12-08,4.036625
2008-12-09,4.010345
2008-12-10,4.015602
2008-12-11,3.899968
2008-12-12,3.999832
2008-12-15,4.047136
2008-12-16,4.104953
2008-12-17,4.099697
2008-12-18,4.020855
2008-12-19,4.120723
2008-12-22,4.078673
2008-12-23,4.120723
2008-12-24,4.240394
2008-12-29,4.27318
2008-12-30,4.437113
2008-12-31,4.469899
2009-01-02,4.573723
2009-01-05,4.732188
2009-01-06,4.830551
2009-01-07,4.715798
2009-01-08,4.590115
2009-01-09,4.584654
2009-01-12,4.50815
2009-01-13,4.491757
2009-01-14,4.360611
2009-01-15,4.327824
2009-01-16,4.442573
2009-01-19,4.437113
2009-01-20,4.316895
2009-01-21,4.245855
2009-01-22,4.229463
2009-01-23,4.316895
2009-01-26,4.377004
2009-01-27,4.448039
2009-01-28,4.535472
2009-01-29,4.409788
2009-01-30,4.448039
2009-02-02,4.420717
2009-02-03,4.426183
2009-02-04,4.442573
2009-02-05,4.371538
2009-02-06,4.437113
2009-02-09,4.497219
2009-02-10,4.338753
2009-02-11,4.32236
2009-02-12,4.251322
2009-02-13,4.251322
2009-02-17,4.103784
2009-02-18,4.016351
2009-02-19,4.010886
2009-02-20,3.961707
2009-02-23,3.84149
2009-02-24,3.912527
2009-02-25,3.994493
2009-02-26,4.02728
2009-02-27,4.125638
2009-03-02,3.961707
2009-03-03,3.825097
2009-03-04,3.945316
2009-03-05,3.825097
2009-03-06,3.737666
2009-03-09,3.69395
2009-03-10,3.786846
2009-03-11,3.808702
2009-03-12,3.92892
2009-03-13,3.93985
2009-03-16,3.972636
2009-03-17,3.917992
2009-03-18,3.956244
2009-03-19,3.945316
2009-03-20,3.868812
2009-03-23,3.885206
2009-03-24,3.92892
2009-03-25,3.989027
2009-03-26,3.997333
2009-03-27,3.991797
2009-03-30,3.853385
2009-03-31,4.025015
2009-04-01,4.008408
2009-04-02,4.102528
2009-04-03,4.180039
2009-04-06,4.235402
2009-04-07,4.185575
2009-04-08,4.191112
2009-04-09,4.191112
2009-04-13,4.235402
2009-04-14,4.22433
2009-04-15,4.263085
2009-04-16,4.323984
2009-04-17,4.357203
2009-04-20,4.235402
2009-04-21,4.252011
2009-04-22,4.296304
2009-04-23,4.351666
2009-04-24,4.484544
2009-04-27,4.473471
2009-04-28,4.456861
2009-04-29,4.49008
2009-04-30,4.41257
2009-05-01,4.423644
2009-05-04,4.479007
2009-05-05,4.50669
2009-05-06,4.595273
2009-05-07,4.639564
2009-05-08,4.777977
2009-05-11,4.844414
2009-05-12,4.772439
2009-05-13,4.589736
2009-05-14,4.733683
2009-05-15,4.861022
2009-05-19,4.833342
2009-05-20,4.833342
2009-05-21,4.789051
2009-05-22,4.827806
2009-05-25,4.872098
2009-05-26,4.971751
2009-05-27,4.960682
2009-05-28,5.0548
2009-05-29,5.043728
2009-06-01,5.165527
2009-06-02,5.154459
2009-06-03,5.07141
2009-06-04,5.110166
2009-06-05,5.093556
2009-06-08,5.093556
2009-06-09,5.137846
2009-06-10,5.143382
2009-06-11,5.165527
2009-06-12,5.243042
2009-06-15,5.171069
2009-06-16,5.137846
2009-06-17,5.082479
2009-06-18,5.132309
2009-06-19,5.093556
2009-06-22,5.016045
2009-06-23,4.982826
2009-06-24,5.016045
2009-06-25,5.048945
2009-06-26,5.151062
2009-06-29,5.179428
2009-06-30,5.236157
2009-07-02,5.168082
2009-07-03,5.185098
2009-07-06,5.162408
2009-07-07,5.060294
2009-07-08,5.003564
2009-07-09,5.003564
2009-07-10,4.992218
2009-07-13,5.094329
2009-07-14,5.134043
2009-07-15,5.179428
2009-07-16,5.219137
2009-07-17,5.185098
2009-07-20,5.241828
2009-07-21,5.247504
2009-07-22,5.247504
2009-07-23,5.275868
2009-07-24,5.321251
2009-07-27,5.321251
2009-07-28,5.270192
2009-07-29,5.321251
2009-07-30,5.389325
2009-07-31,5.457399
2009-08-04,5.525476
2009-08-05,5.610573
2009-08-06,5.650283
2009-08-07,5.74105
2009-08-10,5.746724
2009-08-11,5.616245
2009-08-12,5.667303
2009-08-13,5.621921
2009-08-14,5.587883
2009-08-17,5.559517
2009-08-18,5.616245
2009-08-19,5.644608
2009-08-20,5.701341
2009-08-21,5.809124
2009-08-24,5.826145
2009-08-25,5.831819
2009-08-26,5.928257
2009-08-27,5.916911
2009-08-28,5.990664
2009-08-31,5.894218
2009-09-01,5.809124
2009-09-02,5.763742
2009-09-03,5.814802
2009-09-04,5.916911
2009-09-08,5.911241
2009-09-09,5.94528
2009-09-10,5.96797
2009-09-11,6.0247
2009-09-14,6.007682
2009-09-15,6.047391
2009-09-16,6.138159
2009-09-17,6.223255
2009-09-18,6.211906
2009-09-21,6.206235
2009-09-22,6.257294
2009-09-23,6.29133
2009-09-24,6.200561
2009-09-25,6.14932
2009-09-28,6.201138
2009-09-29,6.155075
2009-09-30,6.333568
2009-10-01,6.172349
2009-10-02,6.057194
2009-10-05,6.143562
2009-10-06,6.229925
2009-10-07,6.247203
2009-10-08,6.258716
2009-10-09,6.224168
2009-10-13,6.160832
2009-10-14,6.229925
2009-10-15,6.224168
2009-10-16,6.166594
2009-10-19,6.172349
2009-10-20,6.097499
2009-10-21,6.01113
2009-10-22,6.080227
2009-10-23,6.103255
2009-10-26,6.045677
2009-10-27,6.045677
2009-10-28,6.051436
2009-10-29,6.189622
2009-10-30,6.172349
2009-11-02,6.080227
2009-11-03,6.160832
2009-11-04,6.166594
2009-11-05,6.241442
2009-11-06,6.212654
2009-11-09,6.224168
2009-11-10,6.27599
2009-11-11,6.224168
2009-11-12,6.206896
2009-11-13,6.189622
2009-11-16,6.258716
2009-11-17,6.322051
2009-11-18,6.385386
2009-11-19,6.304776
2009-11-20,6.310536
2009-11-23,6.310536
2009-11-24,6.247203
2009-11-25,6.304776
2009-11-26,6.25296
2009-11-27,6.27023
2009-11-30,6.25296
2009-12-01,6.287506
2009-12-02,6.29902
2009-12-03,6.29326
2009-12-04,6.29326
2009-12-07,6.350842
2009-12-08,6.322051
2009-12-09,6.287506
2009-12-10,6.333568
2009-12-11,6.391147
2009-12-14,6.442968
2009-12-15,6.494785
2009-12-16,6.460237
2009-12-17,6.45448
2009-12-18,6.437208
2009-12-21,6.546606
2009-12-22,6.615697
2009-12-23,6.667522
2009-12-24,6.807766
2009-12-29,6.737641
2009-12-30,6.696739
2009-12-31,6.778547
2010-01-04,6.76686
2010-01-05,6.772706
2010-01-06,6.743484
2010-01-07,6.796076
2010-01-08,6.842825
2010-01-11,6.877889
2010-01-12,6.842825
2010-01-13,6.854511
2010-01-14,6.907104
2010-01-15,6.889573
2010-01-18,6.895416
2010-01-19,6.90126
2010-01-20,6.959696
2010-01-21,6.848671
2010-01-22,6.796076
2010-01-25,6.877889
2010-01-26,6.872042
2010-01-27,6.90126
2010-01-28,7.000601
2010-01-29,6.91295
2010-02-01,6.971389
2010-02-02,7.094099
2010-02-03,7.029821
2010-02-04,6.953851
2010-02-05,6.907104
2010-02-08,6.883734
2010-02-09,6.761018
2010-02-10,6.720112
2010-02-11,6.685046
2010-02-12,6.673361
2010-02-16,6.743484
2010-02-17,6.813609
2010-02-18,6.831141
2010-02-19,6.90126
2010-02-22,6.91295
2010-02-23,6.866205
2010-02-24,6.883734
2010-02-25,6.930477
2010-02-26,7.012294
2010-03-01,7.053195
2010-03-02,7.064882
2010-03-03,7.047352
2010-03-04,7.035665
2010-03-05,7.05904
2010-03-08,7.088257
2010-03-09,7.105792
2010-03-10,7.111629
2010-03-11,7.140848
2010-03-12,7.135002
2010-03-15,7.123321
2010-03-16,7.135002
2010-03-17,7.181757
2010-03-18,7.123321
2010-03-19,7.070727
2010-03-22,7.05904
2010-03-23,7.082411
2010-03-24,7.129164
2010-03-25,7.140848
2010-03-26,7.105465
2010-03-29,7.134953
2010-03-30,7.134953
2010-03-31,7.040604
2010-04-01,7.075989
2010-04-05,7.081882
2010-04-06,7.08778
2010-04-07,7.005226
2010-04-08,6.963948
2010-04-09,6.946262
2010-04-12,6.969848
2010-04-13,7.017018
2010-04-14,7.081882
2010-04-15,7.052403
2010-04-16,7.017018
2010-04-19,7.08778
2010-04-20,7.099571
2010-04-21,7.182126
2010-04-22,7.152646
2010-04-23,7.164436
2010-04-26,7.17033
2010-04-27,7.081882
2010-04-28,7.064192
2010-04-29,7.14674
2010-04-30,7.205707
2010-05-03,7.270577
2010-05-04,7.158542
2010-05-05,7.105465
2010-05-06,6.999331
2010-05-07,6.946262
2010-05-10,7.117264
2010-05-11,7.117264
2010-05-12,7.211609
2010-05-13,7.205707
2010-05-14,7.158542
2010-05-17,7.123159
2010-05-18,7.093676
2010-05-19,7.058296
2010-05-20,6.816529
2010-05-21,6.857808
2010-05-25,6.916772
2010-05-26,6.934467
2010-05-27,7.093676
2010-05-28,7.075989
2010-05-31,7.017018
2010-06-01,7.011122
2010-06-02,7.129049
2010-06-03,7.111362
2010-06-04,6.993432
2010-06-07,6.946262
2010-06-08,6.946262
2010-06-09,6.952152
2010-06-10,7.093676
2010-06-11,7.052403
2010-06-14,7.129049
2010-06-15,7.235199
2010-06-16,7.282372
2010-06-17,7.305951
2010-06-18,7.252885
2010-06-21,7.258785
2010-06-22,7.193919
2010-06-23,7.241092
2010-06-24,7.182126
2010-06-25,7.254004
2010-06-28,7.242024
2010-06-29,7.146182
2010-06-30,7.14019
2010-07-02,7.206085
2010-07-05,7.152173
2010-07-06,7.242024
2010-07-07,7.355838
2010-07-08,7.349851
2010-07-09,7.319895
2010-07-12,7.331881
2010-07-13,7.421731
2010-07-14,7.41574
2010-07-15,7.403761
2010-07-16,7.367817
2010-07-19,7.40975
2010-07-20,7.499599
2010-07-21,7.47564
2010-07-22,7.529555
2010-07-23,7.505589
2010-07-26,7.565489
2010-07-27,7.552852
2010-07-28,7.552852
2010-07-29,7.570913
2010-07-30,7.613033
2010-08-03,7.6672
2010-08-04,7.655162
2010-08-05,7.576924
2010-08-06,7.600996
2010-08-09,7.625075
2010-08-10,7.673218
2010-08-11,7.558874
2010-08-12,7.594979
2010-08-13,7.649145
2010-08-16,7.685253
2010-08-17,7.787562
2010-08-18,7.847744
2010-08-19,7.787562
2010-08-20,7.781543
2010-08-23,7.841726
2010-08-24,7.823669
2010-08-25,7.901908
2010-08-26,7.932137
2010-08-27,7.956324
2010-08-30,7.968417
2010-08-31,7.986549
2010-09-01,8.010735
2010-09-02,8.047008
2010-09-03,8.107471
2010-09-07,8.08933
2010-09-08,8.083282
2010-09-09,8.083282
2010-09-10,8.16188
2010-09-13,8.23443
2010-09-14,8.325118
2010-09-15,8.313026
2010-09-16,8.180019
2010-09-17,8.08933
2010-09-20,8.252569
2010-09-21,8.288844
2010-09-22,8.337211
2010-09-23,8.270703
2010-09-24,8.319072
2010-09-27,8.326974
2010-09-28,8.393829
2010-09-29,8.39991
2010-09-30,8.442457
2010-10-01,8.405991
2010-10-04,8.363441
2010-10-05,8.387754
2010-10-06,8.339124
2010-10-07,8.345205
2010-10-08,8.381675
2010-10-12,8.418142
2010-10-13,8.405991
2010-10-14,8.381675
2010-10-15,8.375601
2010-10-18,8.405991
2010-10-19,8.387754
2010-10-20,8.466769
2010-10-21,8.466769
2010-10-22,8.509316
2010-10-25,8.570095
2010-10-26,8.595745
2010-10-27,8.565211
2010-10-28,8.565211
2010-10-29,8.540791
2010-11-01,8.571316
2010-11-02,8.595745
2010-11-03,8.571316
2010-11-04,8.607944
2010-11-05,8.571316
2010-11-08,8.662891
2010-11-09,8.540791
2010-11-10,8.375953
2010-11-11,8.314912
2010-11-12,8.168388
2010-11-15,8.241652
2010-11-16,8.180601
2010-11-17,8.241652
2010-11-18,8.296597
2010-11-19,8.302701
2010-11-22,8.247756
2010-11-23,8.211128
2010-11-24,8.260185
2010-11-25,8.309243
2010-11-26,8.370566
2010-11-29,8.290845
2010-11-30,8.204993
2010-12-01,8.266315
2010-12-02,8.260185
2010-12-03,8.29698
2010-12-06,8.254054
2010-12-07,8.162069
2010-12-08,8.137541
2010-12-09,8.113008
2010-12-10,8.100742
2010-12-13,8.14367
2010-12-14,8.113008
2010-12-15,8.174332
2010-12-16,8.137541
2010-12-17,8.106879
2010-12-20,8.174332
2010-12-21,8.204993
2010-12-22,8.24179
2010-12-23,8.272451
2010-12-24,8.277379
2010-12-29,8.29587
2010-12-30,8.302034
2010-12-31,8.302034
2011-01-04,8.375992
2011-01-05,8.326689
2011-01-06,8.345183
2011-01-07,8.332855
2011-01-10,8.332855
2011-01-11,8.369837
2011-01-12,8.388323
2011-01-13,8.456117
2011-01-14,8.560889
2011-01-17,8.610203
2011-01-18,8.573223
2011-01-19,8.536242
2011-01-20,8.456117
2011-01-21,8.388323
2011-01-24,8.530079
2011-01-25,8.585554
2011-01-26,8.648073
2011-01-27,8.67283
2011-01-28,8.635691
2011-01-31,8.648073
2011-02-01,8.567599
2011-02-02,8.635691
2011-02-03,8.641886
2011-02-04,8.623311
2011-02-07,8.623311
2011-02-08,8.629497
2011-02-09,8.641886
2011-02-10,8.660449
2011-02-11,8.709978
2011-02-14,8.740928
2011-02-15,8.753311
2011-02-16,8.87093
2011-02-17,8.945213
2011-02-18,8.994736
2011-02-22,8.883308
2011-02-23,8.847247
2011-02-24,8.760201
2011-02-25,8.890771
2011-02-28,9.002681
2011-03-01,8.95294
2011-03-02,8.971594
2011-03-03,8.96538
2011-03-04,8.934291
2011-03-07,8.859682
2011-03-08,8.940511
2011-03-09,8.87212
2011-03-10,8.729115
2011-03-11,8.778861
2011-03-14,8.809946
2011-03-15,8.75399
2011-03-16,8.785074
2011-03-17,8.884551
2011-03-18,8.859682
2011-03-21,8.915637
2011-03-22,9.021327
2011-03-23,9.089724
2011-03-24,9.145682
2011-03-25,9.121332
2011-03-28,9.208739
2011-03-29,9.296144
2011-03-30,9.352332
2011-03-31,9.414764
2011-04-01,9.321111
2011-04-04,9.239952
2011-04-05,9.239952
2011-04-06,9.208739
2011-04-07,9.252442
2011-04-08,9.308627
2011-04-11,9.289891
2011-04-12,9.221224
2011-04-13,9.239952
2011-04-14,9.233708
2011-04-15,9.227462
2011-04-18,9.227462
2011-04-19,9.202491
2011-04-20,9.277411
2011-04-21,9.283659
2011-04-25,9.359506
2011-04-26,9.39712
2011-04-27,9.403396
2011-04-28,9.409661
2011-04-29,9.378316
2011-05-02,9.415932
2011-05-03,9.472352
2011-05-04,9.409661
2011-05-05,9.478621
2011-05-06,9.409661
2011-05-09,9.409661
2011-05-10,9.39712
2011-05-11,9.441005
2011-05-12,9.478621
2011-05-13,9.516232
2011-05-16,9.522502
2011-05-17,9.497427
2011-05-18,9.472352
2011-05-19,9.453544
2011-05-20,9.447269
2011-05-24,9.472352
2011-05-25,9.441005
2011-05-26,9.460518
2011-05-27,9.510871
2011-05-30,9.498289
2011-05-31,9.49199
2011-06-01,9.372397
2011-06-02,9.384985
2011-06-03,9.435336
2011-06-06,9.284275
2011-06-07,9.265394
2011-06-08,9.158389
2011-06-09,9.183561
2011-06-10,9.202445
2011-06-13,9.202445
2011-06-14,9.315747
2011-06-15,9.240212
2011-06-16,9.221329
2011-06-17,9.328337
2011-06-20,9.378688
2011-06-21,9.397573
2011-06-22,9.359812
2011-06-23,9.340924
2011-06-24,9.392122
2011-06-27,9.461642
2011-06-28,9.442685
2011-06-29,9.430038
2011-06-30,9.449005
2011-07-04,9.449005
2011-07-05,9.467964
2011-07-06,9.467964
2011-07-07,9.493242
2011-07-08,9.474284
2011-07-11,9.423719
2011-07-12,9.480607
2011-07-13,9.430038
2011-07-14,9.417402
2011-07-15,9.442685
2011-07-18,9.449005
2011-07-19,9.524845
2011-07-20,9.543809
2011-07-21,9.600694
2011-07-22,9.677477
2011-07-25,9.664785
2011-07-26,9.614019
2011-07-27,9.493447
2011-07-28,9.46172
2011-07-29,9.493447
2011-08-02,9.366532
2011-08-03,9.258652
2011-08-04,9.074615
2011-08-05,8.947703
2011-08-08,8.50349
2011-08-09,8.795396
2011-08-10,8.890589
2011-08-11,9.214228
2011-08-12,9.277688
2011-08-15,9.303066
2011-08-16,9.150769
2011-08-17,9.138077
2011-08-18,8.973084
2011-08-19,8.858859
2011-08-22,8.966738
2011-08-23,9.150769
2011-08-24,9.188844
2011-08-25,9.176156
2011-08-26,9.234146
2011-08-29,9.329732
2011-08-30,9.329732
2011-08-31,9.399837
2011-09-01,9.355226
2011-09-02,9.240519
2011-09-06,9.240519
2011-09-07,9.367969
2011-09-08,9.374346
2011-09-09,9.259639
2011-09-12,9.240519
2011-09-13,9.336108
2011-09-14,9.412582
2011-09-15,9.489056
2011-09-16,9.48268
2011-09-19,9.501802
2011-09-20,9.559158
2011-09-21,9.501802
2011-09-22,9.355226
2011-09-23,9.343709
2011-09-26,9.426903
2011-09-27,9.478101
2011-09-28,9.452504
2011-09-29,9.414105
2011-09-30,9.40131
2011-10-03,9.190112
2011-10-04,9.030112
2011-10-05,9.087716
2011-10-06,9.106909
2011-10-07,9.030112
2011-10-11,9.138911
2011-10-12,9.241313
2011-10-13,9.286111
2011-10-14,9.24771
2011-10-17,9.209311
2011-10-18,9.22211
2011-10-19,9.196511
2011-10-20,9.22211
2011-10-21,9.330909
2011-10-24,9.414105
2011-10-25,9.369305
2011-10-26,9.40337
2011-10-27,9.461216
2011-10-28,9.486929
2011-10-31,9.551205
2011-11-01,9.499785
2011-11-02,9.512636
2011-11-03,9.557631
2011-11-04,9.538354
2011-11-07,9.557631
2011-11-08,9.602622
2011-11-09,9.454791
2011-11-10,9.44836
2011-11-11,9.512636
2011-11-14,9.576913
2011-11-15,9.596197
2011-11-16,9.583344
2011-11-17,9.564057
2011-11-18,9.583344
2011-11-21,9.519064
2011-11-22,9.596197
2011-11-23,9.578132
2011-11-24,9.552303
2011-11-25,9.558761
2011-11-28,9.674941
2011-11-29,9.681395
2011-11-30,9.81693
2011-12-01,9.791113
2011-12-02,9.758846
2011-12-05,9.784661
2011-12-06,9.778211
2011-12-07,9.79757
2011-12-08,9.784661
2011-12-09,9.79757
2011-12-12,9.810475
2011-12-13,9.855654
2011-12-14,9.804025
2011-12-15,9.849203
2011-12-16,9.829845
2011-12-19,9.868567
2011-12-20,9.946014
2011-12-21,9.965379
2011-12-22,9.965379
2011-12-23,9.973809
2011-12-28,9.960847
2011-12-29,10.006211
2011-12-30,10.03213
2012-01-03,10.090455
2012-01-04,10.045094
2012-01-05,10.090455
2012-01-06,10.064531
2012-01-09,10.103418
2012-01-10,10.12934
2012-01-11,10.245996
2012-01-12,10.213593
2012-01-13,10.207111
2012-01-16,10.226547
2012-01-17,10.258959
2012-01-18,10.258959
2012-01-19,10.245996
2012-01-20,10.252475
2012-01-23,10.220075
2012-01-24,10.194146
2012-01-25,10.188945
2012-01-26,10.130383
2012-01-27,10.136891
2012-01-30,10.136891
2012-01-31,10.188945
2012-02-01,10.227982
2012-02-02,10.254006
2012-02-03,10.28003
2012-02-06,10.28003
2012-02-07,10.338586
2012-02-08,10.403654
2012-02-09,10.429674
2012-02-10,10.390637
2012-02-13,10.410162
2012-02-14,10.306057
2012-02-15,10.410162
2012-02-16,10.416666
2012-02-17,10.455702
2012-02-21,10.475224
2012-02-22,10.456938
2012-02-23,10.476532
2012-02-24,10.456938
2012-02-27,10.483059
2012-02-28,10.522251
2012-02-29,10.522251
2012-03-01,10.581032
2012-03-02,10.633286
2012-03-05,10.639818
2012-03-06,10.659414
2012-03-07,10.705132
2012-03-08,10.698603
2012-03-09,10.679008
2012-03-12,10.679008
2012-03-13,10.724725
2012-03-14,10.692067
2012-03-15,10.698603
2012-03-16,10.620223
2012-03-19,10.391619
2012-03-20,10.332838
2012-03-21,10.437342
2012-03-22,10.300179
2012-03-23,10.334932
2012-03-26,10.46609
2012-03-27,10.492321
2012-03-28,10.505432
2012-03-29,10.4333
2012-03-30,10.525107
2012-04-02,10.564453
2012-04-03,10.498878
2012-04-04,10.525107
2012-04-05,10.577569
2012-04-09,10.603797
2012-04-10,10.571006
2012-04-11,10.649709
2012-04-12,10.669377
2012-04-13,10.669377
2012-04-16,10.72184
2012-04-17,10.72184
2012-04-18,10.702168
2012-04-19,10.708725
2012-04-20,10.741511
2012-04-23,10.762578
2012-04-24,10.703332
2012-04-25,10.795492
2012-04-26,10.84815
2012-04-27,10.861316
2012-04-30,10.881063
2012-05-01,10.881063
2012-05-02,10.874483
2012-05-03,10.808655
2012-05-04,10.821822
2012-05-07,10.920559
2012-05-08,10.894227
2012-05-09,10.907391
2012-05-10,10.99297
2012-05-11,11.006137
2012-05-14,11.012716
2012-05-15,10.973224
2012-05-16,10.913977
2012-05-17,10.887649
2012-05-18,10.933727
2012-05-22,10.966638
2012-05-23,10.915105
2012-05-24,10.948135
2012-05-25,10.948135
2012-05-28,10.974569
2012-05-29,10.954745
2012-05-30,10.895279
2012-05-31,10.895279
2012-06-01,10.875461
2012-06-04,10.716887
2012-06-05,10.835817
2012-06-06,10.941536
2012-06-07,10.829209
2012-06-08,10.86885
2012-06-11,10.789564
2012-06-12,10.802778
2012-06-13,10.835817
2012-06-14,10.815991
2012-06-15,10.769746
2012-06-18,10.901886
2012-06-19,10.928316
2012-06-20,10.974569
2012-06-21,10.855634
2012-06-22,10.936551
2012-06-25,10.883493
2012-06-26,10.969713
2012-06-27,10.943185
2012-06-28,10.969713
2012-06-29,11.108987
2012-07-03,11.188568
2012-07-04,11.24826
2012-07-05,11.221733
2012-07-06,11.201838
2012-07-09,11.208472
2012-07-10,11.168677
2012-07-11,11.201838
2012-07-12,11.2151
2012-07-13,11.288055
2012-07-16,11.387539
2012-07-17,11.460497
2012-07-18,11.45386
2012-07-19,11.420701
2012-07-20,11.540082
2012-07-23,11.526816
2012-07-24,11.534808
2012-07-25,11.594714
2012-07-26,11.694551
2012-07-27,11.654615
2012-07-30,11.621333
2012-07-31,11.501528
2012-08-01,11.481558
2012-08-02,11.494865
2012-08-03,11.514838
2012-08-07,11.581397
2012-08-08,11.548119
2012-08-09,11.508183
2012-08-10,11.488214
2012-08-13,11.554774
2012-08-14,11.581397
2012-08-15,11.734485
2012-08-16,11.774416
2012-08-17,11.761106
2012-08-20,11.781075
2012-08-21,11.741139
2012-08-22,11.734485
2012-08-23,11.701207
2012-08-24,11.722575
2012-08-27,11.695862
2012-08-28,11.662465
2012-08-29,11.602352
2012-08-30,11.462074
2012-08-31,11.495476
2012-09-04,11.462074
2012-09-05,11.582309
2012-09-06,11.675822
2012-09-07,11.548908
2012-09-10,11.442041
2012-09-11,11.375247
2012-09-12,11.375247
2012-09-13,11.30845
2012-09-14,11.28173
2012-09-17,11.29509
2012-09-18,11.355203
2012-09-19,11.448716
2012-09-20,11.488795
2012-09-21,11.409693
2012-09-24,11.463326
2012-09-25,11.45662
2012-09-26,11.523654
2012-09-27,11.53036
2012-09-28,11.537061
2012-10-01,11.470026
2012-10-02,11.483432
2012-10-03,11.470026
2012-10-04,11.396281
2012-10-05,11.342654
2012-10-09,11.282321
2012-10-10,11.221991
2012-10-11,11.2421
2012-10-12,11.248808
2012-10-15,11.302435
2012-10-16,11.402992
2012-10-17,11.322545
2012-10-18,11.295732
2012-10-19,11.248808
2012-10-22,11.181767
2012-10-23,11.154954
2012-10-24,11.203396
2012-10-25,11.243771
2012-10-26,11.257227
2012-10-29,11.257227
2012-10-30,11.304327
2012-10-31,11.364889
2012-11-01,11.425447
2012-11-02,11.371616
2012-11-05,11.270686
2012-11-06,11.250501
2012-11-07,11.223589
2012-11-08,11.142841
2012-11-09,11.14957
2012-11-12,11.163028
2012-11-13,11.102468
2012-11-14,11.008266
2012-11-15,10.92752
2012-11-16,10.961164
2012-11-19,11.109196
2012-11-20,11.06882
2012-11-21,11.062093
2012-11-22,11.097215
2012-11-23,11.124231
2012-11-26,11.130985
2012-11-27,11.11073
2012-11-28,11.076952
2012-11-29,11.097215
2012-11-30,11.158007
2012-12-03,11.151257
2012-12-04,11.097215
2012-12-05,11.387653
2012-12-06,11.407911
2012-12-07,11.421419
2012-12-10,11.434925
2012-12-11,11.441684
2012-12-12,11.570014
2012-12-13,11.590277
2012-12-14,11.522733
2012-12-17,11.495714
2012-12-18,11.603786
2012-12-19,11.502475
2012-12-20,11.549749
2012-12-21,11.475454
2012-12-24,11.503922
2012-12-27,11.55816
2012-12-28,11.571712
2012-12-31,11.653067
2013-01-02,11.632727
2013-01-03,11.470033
2013-01-04,11.517486
2013-01-07,11.551381
2013-01-08,11.544603
2013-01-09,11.564937
2013-01-10,11.571712
2013-01-11,11.564937
2013-01-14,11.592055
2013-01-15,11.639507
2013-01-16,11.673394
2013-01-17,11.680175
2013-01-18,11.632727
2013-01-21,11.673394
2013-01-22,11.673394
2013-01-23,11.700518
2013-01-24,11.759722
2013-01-25,11.712088
2013-01-28,11.705282
2013-01-29,11.657645
2013-01-30,11.678056
2013-01-31,11.712088
2013-02-01,11.74611
2013-02-04,11.691675
2013-02-05,11.766532
2013-02-06,11.739307
2013-02-07,11.766532
2013-02-08,11.732499
2013-02-11,11.725697
2013-02-12,11.786946
2013-02-13,11.759722
2013-02-14,11.773336
2013-02-15,11.74611
2013-02-19,11.773336
2013-02-20,11.752915
2013-02-21,11.764532
2013-02-22,11.771364
2013-02-25,11.74404
2013-02-26,11.75087
2013-02-27,11.723538
2013-02-28,11.791858
2013-03-01,11.771364
2013-03-04,11.764532
2013-03-05,11.778195
2013-03-06,11.723538
2013-03-07,11.689383
2013-03-08,11.682549
2013-03-11,11.74404
2013-03-12,11.757698
2013-03-13,11.709878
2013-03-14,11.737209
2013-03-15,11.696214
2013-03-18,11.703049
2013-03-19,11.668884
2013-03-20,11.696214
2013-03-21,11.67358
2013-03-22,11.653005
2013-03-25,11.680438
2013-03-26,11.694153
2013-03-27,11.694153
2013-03-28,11.810753
2013-04-01,11.762739
2013-04-02,11.803893
2013-04-03,11.728449
2013-04-04,11.783322
2013-04-05,11.797033
2013-04-08,11.913634
2013-04-09,11.934215
2013-04-10,11.899914
2013-04-11,11.8862
2013-04-12,11.8862
2013-04-15,11.803893
2013-04-16,11.85877
2013-04-17,11.776466
2013-04-18,11.838186
2013-04-19,11.899914
2013-04-22,11.968506
2013-04-23,12.093081
2013-04-24,12.127504
2013-04-25,12.120619
2013-04-26,12.106851
2013-04-29,12.175678
2013-04-30,12.382167
2013-05-01,12.258269
2013-05-02,12.272042
2013-05-03,12.285798
2013-05-06,12.278916
2013-05-07,12.278916
2013-05-08,12.258269
2013-05-09,12.13438
2013-05-10,12.120619
2013-05-13,12.21697
2013-05-14,12.23074
2013-05-15,12.19633
2013-05-16,12.182562
2013-05-17,12.148151
2013-05-21,12.203205
2013-05-22,12.15503
2013-05-23,12.058672
2013-05-24,12.093893
2013-05-27,12.086991
2013-05-28,12.045546
2013-05-29,11.810714
2013-05-30,11.707117
2013-05-31,11.658761
2013-06-03,11.58969
2013-06-04,11.465373
2013-06-05,11.347957
2013-06-06,11.375584
2013-06-07,11.437746
2013-06-10,11.320326
2013-06-11,11.085495
2013-06-12,10.885197
2013-06-13,11.099309
2013-06-14,11.106218
2013-06-17,11.175283
2013-06-18,11.147656
2013-06-19,11.009692
2013-06-20,10.704635
2013-06-21,10.614504
2013-06-24,10.475845
2013-06-25,10.704635
2013-06-26,10.711565
2013-06-27,10.912623
2013-06-28,10.954226
2013-07-02,10.981958
2013-07-03,10.857161
2013-07-04,10.891829
2013-07-05,10.884894
2013-07-08,10.760098
2013-07-09,10.773968
2013-07-10,10.767033
2013-07-11,11.016621
2013-07-12,10.981958
2013-07-15,10.961157
2013-07-16,10.968091
2013-07-17,10.98889
2013-07-18,10.933425
2013-07-19,10.947292
2013-07-22,10.864094
2013-07-23,10.829432
2013-07-24,10.693672
2013-07-25,10.679745
2013-07-26,10.665827
2013-07-29,10.700634
2013-07-30,10.721517
2013-07-31,10.672782
2013-08-01,10.477845
2013-08-02,10.505697
2013-08-06,10.45696
2013-08-07,10.477845
2013-08-08,10.51962
2013-08-09,10.568356
2013-08-12,10.505697
2013-08-13,10.526581
2013-08-14,10.38734
2013-08-15,10.33861
2013-08-16,10.394302
2013-08-19,10.359497
2013-08-20,10.449995
2013-08-21,10.289876
2013-08-22,10.31076
2013-08-23,10.412156
2013-08-26,10.321245
2013-08-27,10.363206
2013-08-28,10.314254
2013-08-29,10.342224
2013-08-30,10.30726
2013-09-03,10.377188
2013-09-04,10.391171
2013-09-05,10.377188
2013-09-06,10.321245
2013-09-09,10.384183
2013-09-10,10.468093
2013-09-11,10.461102
2013-09-12,10.42614
2013-09-13,10.440125
2013-09-16,10.572987
2013-09-17,10.538024
2013-09-18,10.731153
2013-09-19,10.81543
2013-09-20,10.604744
2013-09-23,10.611762
2013-09-24,10.660924
2013-09-25,10.611762
2013-09-26,10.576651
2013-09-27,10.618788
2013-09-30,10.597719
2013-10-01,10.611762
2013-10-02,10.576651
2013-10-03,10.513441
2013-10-04,10.457261
2013-10-07,10.520469
2013-10-08,10.506417
2013-10-09,10.562605
2013-10-10,10.548556
2013-10-11,10.506417
2013-10-15,10.604744
2013-10-16,10.646885
2013-10-17,10.808412
2013-10-18,10.962909
2013-10-21,10.87864
2013-10-22,10.955892
2013-10-23,10.983982
2013-10-24,10.986803
2013-10-25,10.993856
2013-10-28,10.986803
2013-10-29,10.965651
2013-10-30,10.902182
2013-10-31,10.909231
2013-11-01,10.965651
2013-11-04,10.986803
2013-11-05,10.838717
2013-11-06,10.732936
2013-11-07,10.676527
2013-11-08,10.627158
2013-11-11,10.577792
2013-11-12,10.591901
2013-11-13,10.648315
2013-11-14,10.718837
2013-11-15,10.824612
2013-11-18,10.852819
2013-11-19,10.789351
2013-11-20,10.747044
2013-11-21,10.768197
2013-11-22,10.749784
2013-11-25,10.728541
2013-11-26,10.664805
2013-11-27,10.721461
2013-11-28,10.73562
2013-11-29,10.664805
2013-12-02,10.586908
2013-12-03,10.509013
2013-12-04,10.501933
2013-12-05,10.459442
2013-12-06,10.636478
2013-12-09,10.671886
2013-12-10,10.664805
2013-12-11,10.558587
2013-12-12,10.544416
2013-12-13,10.59399
2013-12-16,10.565665
2013-12-17,10.572746
2013-12-18,10.742707
2013-12-19,10.827681
2013-12-20,10.792276
2013-12-23,10.700213
2013-12-24,10.714376
2013-12-27,10.728595
2013-12-30,10.828132
2013-12-31,10.948996
2014-01-02,10.899232
2014-01-03,10.963216
2014-01-06,11.034317
2014-01-07,11.012986
2014-01-08,11.005875
2014-01-09,11.020098
2014-01-10,11.119627
2014-01-13,11.034317
2014-01-14,10.984547
2014-01-15,10.8779
2014-01-16,10.885011
2014-01-17,10.863681
2014-01-20,10.90634
2014-01-21,10.948996
2014-01-22,10.984547
2014-01-23,10.920562
2014-01-24,10.841994
2014-01-27,10.841994
2014-01-28,10.834853
2014-01-29,10.820567
2014-01-30,10.94913
2014-01-31,10.991985
2014-02-03,10.920557
2014-02-04,10.9277
2014-02-05,11.084834
2014-02-06,11.084834
2014-02-07,11.091975
2014-02-10,11.10626
2014-02-11,11.120543
2014-02-12,11.10626
2014-02-13,11.149115
2014-02-14,11.23482
2014-02-18,11.306245
2014-02-19,11.299099
2014-02-20,11.284816
2014-02-21,11.270466
2014-02-24,11.162862
2014-02-25,11.205902
2014-02-26,11.220244
2014-02-27,11.277646
2014-02-28,11.363732
2014-03-03,11.263296
2014-03-04,11.320687
2014-03-05,11.256117
2014-03-06,11.270466
2014-03-07,11.291994
2014-03-10,11.256117
2014-03-11,11.306334
2014-03-12,11.299162
2014-03-13,11.306334
2014-03-14,11.335034
2014-03-17,11.320687
2014-03-18,11.363732
2014-03-19,11.306083
2014-03-20,11.291669
2014-03-21,11.29888
2014-03-24,11.313292
2014-03-25,11.349313
2014-03-26,11.327702
2014-03-27,11.356524
2014-03-28,11.442994
2014-03-31,11.522262
2014-04-01,11.493436
2014-04-02,11.471821
2014-04-03,11.450205
2014-04-04,11.450205
2014-04-07,11.493436
2014-04-08,11.572701
2014-04-09,11.536677
2014-04-10,11.536677
2014-04-11,11.659171
2014-04-14,11.709614
2014-04-15,11.75285
2014-04-16,11.824909
2014-04-17,11.810498
2014-04-21,11.803291
2014-04-22,11.781672
2014-04-23,11.699911
2014-04-24,11.793979
2014-04-25,11.714384
2014-04-28,11.75056
2014-04-29,11.743327
2014-04-30,11.757799
2014-05-01,11.714384
2014-05-02,11.685441
2014-05-05,11.728857
2014-05-06,11.707146
2014-05-07,11.83739
2014-05-08,11.779508
2014-05-09,11.830151
2014-05-12,11.909742
2014-05-13,11.83739
2014-05-14,11.844626
2014-05-15,11.974862
2014-05-16,12.025513
2014-05-20,12.025513
2014-05-21,11.931449
2014-05-22,11.924215
2014-05-23,11.914768
2014-05-26,11.900239
2014-05-27,11.907505
2014-05-28,11.922034
2014-05-29,11.943829
2014-05-30,11.863911
2014-06-02,11.972892
2014-06-03,12.001948
2014-06-04,11.972892
2014-06-05,12.023746
2014-06-06,12.023746
2014-06-09,11.994687
2014-06-10,11.914768
2014-06-11,11.863911
2014-06-12,11.813061
2014-06-13,11.776731
2014-06-16,11.733142
2014-06-17,11.784
2014-06-18,11.840174
2014-06-19,11.818285
2014-06-20,11.942309
2014-06-23,11.869355
2014-06-24,11.862059
2014-06-25,11.927712
2014-06-26,11.964189
2014-06-27,12.000669
2014-06-30,11.978783
2014-07-02,11.949601
2014-07-03,11.89124
2014-07-04,11.876651
2014-07-07,11.825583
2014-07-08,11.789106
2014-07-09,11.803695
2014-07-10,11.883944
2014-07-11,11.905827
2014-07-14,11.883944
2014-07-15,11.876651
2014-07-16,11.949601
2014-07-17,11.971486
2014-07-18,11.964189
2014-07-21,11.971486
2014-07-22,12.037138
2014-07-23,12.080911
2014-07-24,12.116809
2014-07-25,12.072858
2014-07-28,12.131458
2014-07-29,12.131458
2014-07-30,12.043551
2014-07-31,11.955643
2014-08-01,12.021576
2014-08-05,12.05088
2014-08-06,12.065527
2014-08-07,12.036226
2014-08-08,12.058202
2014-08-11,12.116809
2014-08-12,12.080183
2014-08-13,12.094834
2014-08-14,12.138788
2014-08-15,12.131458
2014-08-18,12.20472
2014-08-19,12.270652
2014-08-20,12.285303
2014-08-21,12.285303
2014-08-22,12.284571
2014-08-25,12.211007
2014-08-26,12.247787
2014-08-27,12.255144
2014-08-28,12.233074
2014-08-29,12.22572
2014-09-02,12.218362
2014-09-03,12.240426
2014-09-04,12.240426
2014-09-05,12.284571
2014-09-08,12.233074
2014-09-09,12.174226
2014-09-10,12.100668
2014-09-11,12.115379
2014-09-12,11.982969
2014-09-15,11.887342
2014-09-16,11.821142
2014-09-17,11.945992
2014-09-18,11.923825
2014-09-19,11.953376
2014-09-22,11.835176
2014-09-23,11.813011
2014-09-24,11.798235
2014-09-25,11.75391
2014-09-26,11.776075
2014-09-29,11.761301
2014-09-30,11.857337
2014-10-01,11.835176
2014-10-02,11.842566
2014-10-03,11.820403
2014-10-06,11.790847
2014-10-07,11.776075
2014-10-08,11.827789
2014-10-09,11.909053
2014-10-10,11.894274
2014-10-14,11.886889
2014-10-15,11.768683
2014-10-16,11.72436
2014-10-17,11.827789
2014-10-20,12.042035
2014-10-21,12.108525
2014-10-22,12.086362
2014-10-23,12.14546
2014-10-24,12.189946
2014-10-27,12.189946
2014-10-28,12.219611
2014-10-29,12.160292
2014-10-30,12.256684
2014-10-31,12.316
2014-11-03,12.316
2014-11-04,12.301167
2014-11-05,12.293758
2014-11-06,12.093555
2014-11-07,12.078725
2014-11-10,12.189946
2014-11-11,12.175119
2014-11-12,12.264102
2014-11-13,12.241852
2014-11-14,12.264102
2014-11-17,12.278929
2014-11-18,12.293758
2014-11-19,12.264102
2014-11-20,12.264102
2014-11-21,12.30875
2014-11-24,12.27898
2014-11-25,12.264102
2014-11-26,12.293864
2014-11-27,12.331075
2014-11-28,12.39805
2014-12-01,12.286428
2014-12-02,12.316188
2014-12-03,12.286428
2014-12-04,12.063171
2014-12-05,11.884562
2014-12-08,11.758057
2014-12-09,11.758057
2014-12-10,11.52736
2014-12-11,11.69108
2014-12-12,11.549685
2014-12-15,11.60178
2014-12-16,11.616665
2014-12-17,11.795265
2014-12-18,11.877119
2014-12-19,11.869682
2014-12-22,11.929214
2014-12-23,11.958981
2014-12-24,12.011077
2014-12-29,12.070834
2014-12-30,12.055897
2014-12-31,11.988665
2015-01-02,12.063364
2015-01-05,12.190347
2015-01-06,12.324799
2015-01-07,12.698275
2015-01-08,12.765511
2015-01-09,12.787913
2015-01-12,12.810323
2015-01-13,12.780445
2015-01-14,12.765511
2015-01-15,12.705748
2015-01-16,12.713219
2015-01-19,12.713219
2015-01-20,12.772975
2015-01-21,12.862612
2015-01-22,13.191273
2015-01-23,13.130524
2015-01-26,13.13803
2015-01-27,13.13803
2015-01-28,13.183023
2015-01-29,13.205519
2015-01-30,13.115535
2015-02-02,13.078037
2015-02-03,13.063039
2015-02-04,13.153023
2015-02-05,13.228012
2015-02-06,12.965548
2015-02-09,12.890564
2015-02-10,12.935555
2015-02-11,12.905563
2015-02-12,12.898061
2015-02-13,12.913065
2015-02-17,12.935555
2015-02-18,12.980548
2015-02-19,12.935555
2015-02-20,12.942334
2015-02-23,13.040211
2015-02-24,12.859513
2015-02-25,12.987507
2015-02-26,13.002567
2015-02-27,13.100441
2015-03-02,13.092911
2015-03-03,13.002567
2015-03-04,12.882103
2015-03-05,12.814344
2015-03-06,12.520711
2015-03-09,12.483063
2015-03-10,12.347544
2015-03-11,12.415303
2015-03-12,12.475537
2015-03-13,12.430365
2015-03-16,12.468007
2015-03-17,12.528235
2015-03-18,12.535042
2015-03-19,12.572846
2015-03-20,12.724056
2015-03-23,12.76185
2015-03-24,12.890379
2015-03-25,12.852571
2015-03-26,12.776978
2015-03-27,12.724056
2015-03-30,12.799657
2015-03-31,12.920624
2015-04-01,13.01891
2015-04-02,13.041586
2015-04-06,13.086946
2015-04-07,13.01891
2015-04-08,13.056709
2015-04-09,13.064272
2015-04-10,13.064272
2015-04-13,12.913059
2015-04-14,12.867702
2015-04-15,12.920624
2015-04-16,13.011347
2015-04-17,13.16255
2015-04-20,13.12475
2015-04-21,13.07182
2015-04-22,13.086946
2015-04-23,13.04748
2015-04-24,13.07784
2015-04-27,13.130967
2015-04-28,13.206873
2015-04-29,13.138558
2015-04-30,13.062659
2015-05-01,13.138558
2015-05-04,13.04748
2015-05-05,12.834952
2015-05-06,12.690745
2015-05-07,12.705926
2015-05-08,12.751466
2015-05-11,12.660381
2015-05-12,12.561707
2015-05-13,12.622431
2015-05-14,12.71352
2015-05-15,12.766647
2015-05-19,12.698332
2015-05-20,12.637609
2015-05-21,12.622431
2015-05-22,12.582802
2015-05-25,12.582802
2015-05-26,12.43038
2015-05-27,12.498966
2015-05-28,12.498966
2015-05-29,12.384646
2015-06-01,12.491346
2015-06-02,12.437997
2015-06-03,12.316055
2015-06-04,12.323677
2015-06-05,12.201735
2015-06-08,12.117898
2015-06-09,12.087415
2015-06-10,12.125522
2015-06-11,12.163628
2015-06-12,12.163628
2015-06-15,12.216978
2015-06-16,12.178869
2015-06-17,12.361032
2015-06-18,12.567688
2015-06-19,12.437574
2015-06-22,12.38399
2015-06-23,12.460534
2015-06-24,12.429915
2015-06-25,12.361032
2015-06-26,12.322762
2015-06-29,12.100801
2015-06-30,12.207958
2015-07-02,12.207958
2015-07-03,12.192645
2015-07-06,12.414608
2015-07-07,12.552381
2015-07-08,12.406956
2015-07-09,12.38399
2015-07-10,12.361032
2015-07-13,12.437574
2015-07-14,12.483499
2015-07-15,12.598304
2015-07-16,12.651881
2015-07-17,12.651881
2015-07-20,12.552381
2015-07-21,12.552381
2015-07-22,12.429915
2015-07-23,12.299801
2015-07-24,12.197578
2015-07-27,11.997746
2015-07-28,12.04386
2015-07-29,12.236012
2015-07-30,12.097661
2015-07-31,12.274437
2015-08-04,12.289807
2015-08-05,12.136088
2015-08-06,11.974686
2015-08-07,12.097661
2015-08-10,12.066916
2015-08-11,12.082292
2015-08-12,12.189893
2015-08-13,12.097661
2015-08-14,12.074607
2015-08-17,12.105348
2015-08-18,12.205266
2015-08-19,12.136088
2015-08-20,11.928569
2015-08-21,11.697994
2015-08-24,11.30196
2015-08-25,11.402318
2015-08-26,11.603041
2015-08-27,11.741995
2015-08-28,11.664799
2015-08-31,11.610756
2015-09-01,11.510397
2015-09-02,11.579877
2015-09-03,11.734278
2015-09-04,11.549
2015-09-08,11.572159
2015-09-09,11.464081
2015-09-10,11.464081
2015-09-11,11.479519
2015-09-14,11.440921
2015-09-15,11.4718
2015-09-16,11.531512
2015-09-17,11.554776
2015-09-18,11.492738
2015-09-21,11.709875
2015-09-22,11.663345
2015-09-23,11.547024
2015-09-24,11.547024
2015-09-25,11.647834
2015-09-28,11.523758
2015-09-29,11.717627
2015-09-30,11.810688
2015-10-01,11.694365
2015-10-02,11.87273
2015-10-05,11.973541
2015-10-06,11.733139
2015-10-07,11.911501
2015-10-08,11.950275
2015-10-09,11.989053
2015-10-13,11.958029
2015-10-14,11.888237
2015-10-15,11.958029
2015-10-16,11.981298
2015-10-19,12.097617
2015-10-20,12.097617
2015-10-21,12.058845
2015-10-22,12.221699
2015-10-23,12.135237
2015-10-26,12.080719
2015-10-27,11.956092
2015-10-28,11.963882
2015-10-29,12.041775
2015-10-30,11.893781
2015-11-02,11.885991
2015-11-03,11.839261
2015-11-04,11.761369
2015-11-05,11.924934
2015-11-06,11.761369
2015-11-09,11.621167
2015-11-10,11.512119
2015-11-11,11.558854
2015-11-12,11.504334
2015-11-13,11.480964
2015-11-16,11.488753
2015-11-17,11.605587
2015-11-18,11.558854
2015-11-19,11.574432
2015-11-20,11.691264
2015-11-23,11.627886
2015-11-24,11.745258
2015-11-25,11.667009
2015-11-26,11.667009
2015-11-27,11.737436
2015-11-30,11.768733
2015-12-01,11.768733
2015-12-02,11.620058
2015-12-03,11.565284
2015-12-04,11.565284
2015-12-07,11.41661
2015-12-08,11.33054
2015-12-09,11.275764
2015-12-10,11.267937
2015-12-11,11.181863
2015-12-14,11.072315
2015-12-15,11.283587
2015-12-16,11.432261
2015-12-17,11.487037
2015-12-18,11.502687
2015-12-21,11.455737
2015-12-22,11.440089
2015-12-23,11.432261
2015-12-24,11.502687
2015-12-29,11.541209
2015-12-30,11.556933
2015-12-31,11.368245
2016-01-04,11.352523
2016-01-05,11.289629
2016-01-06,11.250321
2016-01-07,10.959431
2016-01-08,10.975154
2016-01-11,10.951569
2016-01-12,10.904398
2016-01-13,10.857224
2016-01-14,10.794332
2016-01-15,10.880813
2016-01-18,10.65282
2016-01-19,10.880813
2016-01-20,10.794332
2016-01-21,10.87295
2016-01-22,11.106948
2016-01-25,11.019988
2016-01-26,11.059517
2016-01-27,11.114856
2016-01-28,11.288767
2016-01-29,11.462687
2016-02-01,11.344106
2016-02-02,11.320394
2016-02-03,11.407348
2016-02-04,11.454777
2016-02-05,11.470596
2016-02-08,11.257144
2016-02-09,11.106948
2016-02-10,11.075323
2016-02-11,10.996272
2016-02-12,11.106948
2016-02-16,11.217622
2016-02-17,11.367824
2016-02-18,11.597077
2016-02-19,11.652412
2016-02-22,11.649235
2016-02-23,11.688967
2016-02-24,11.768432
2016-02-25,11.78432
2016-02-26,11.768432
2016-02-29,11.808161
2016-03-01,11.911459
2016-03-02,11.998869
2016-03-03,12.038603
2016-03-04,12.102171
2016-03-07,12.13396
2016-03-08,12.157796
2016-03-09,12.245205
2016-03-10,12.324669
2016-03-11,12.348507
2016-03-14,12.396184
2016-03-15,12.372351
2016-03-16,12.544828
2016-03-17,12.712515
2016-03-18,12.536841
2016-03-21,12.648638
2016-03-22,12.496917
2016-03-23,12.393106
2016-03-24,12.313255
2016-03-28,12.377139
2016-03-29,12.361167
2016-03-30,12.496917
2016-03-31,12.552811
2016-04-01,12.59274
2016-04-04,12.65662
2016-04-05,12.616695
2016-04-06,12.544828
2016-04-07,12.512888
2016-04-08,12.600721
2016-04-11,12.65662
2016-04-12,12.57677
2016-04-13,12.65662
2016-04-14,12.62468
2016-04-15,12.664605
2016-04-18,12.768416
2016-04-19,12.864233
2016-04-20,12.824308
2016-04-21,12.608708
2016-04-22,12.576625
2016-04-25,12.721001
2016-04-26,12.704958
2016-04-27,12.83329
2016-04-28,12.83329
2016-04-29,12.849336
2016-05-02,12.841314
2016-05-03,12.761105
2016-05-04,12.712975
2016-05-05,12.817252
2016-05-06,12.83329
2016-05-09,13.097979
2016-05-10,13.105999
2016-05-11,13.138084
2016-05-12,13.20225
2016-05-13,13.154126
2016-05-16,13.274435
2016-05-17,13.186209
2016-05-18,13.073915
2016-05-19,12.985687
2016-05-20,13.097979
2016-05-24,13.025483
2016-05-25,13.041592
2016-05-26,13.106034
2016-05-27,13.154367
2016-05-30,13.186586
2016-05-31,12.969091
2016-06-01,12.985202
2016-06-02,12.977151
2016-06-03,13.154367
2016-06-06,13.1302
2016-06-07,13.154367
2016-06-08,13.267142
2016-06-09,13.218809
2016-06-10,13.283251
2016-06-13,13.267142
2016-06-14,13.218809
2016-06-15,13.234985
2016-06-16,13.218808
2016-06-17,13.17027
2016-06-20,13.291617
2016-06-21,13.234985
2016-06-22,13.307798
2016-06-23,13.251171
2016-06-24,13.307798
2016-06-27,13.323977
2016-06-28,13.43724
2016-06-29,13.679933
2016-06-30,13.736562
2016-07-04,13.752736
2016-07-05,13.817455
2016-07-06,13.954985
2016-07-07,13.922623
2016-07-08,13.946893
2016-07-11,13.954985
2016-07-12,14.035885
2016-07-13,13.99543
2016-07-14,13.865997
2016-07-15,13.76892
2016-07-18,13.841729
2016-07-19,13.922623
2016-07-20,13.954985
2016-07-21,14.011614
2016-07-22,13.976689
2016-07-25,13.968569
2016-07-26,13.99293
2016-07-27,13.871113
2016-07-28,13.944207
2016-07-29,13.99293
2016-08-02,13.952332
2016-08-03,13.862995
2016-08-04,13.887361
2016-08-05,13.806149
2016-08-08,13.822389
2016-08-09,13.716807
2016-08-10,13.676203
2016-08-11,13.465051
2016-08-12,13.50566
2016-08-15,13.554382
2016-08-16,13.521901
2016-08-17,13.521901
2016-08-18,13.57875
2016-08-19,13.570628
2016-08-22,13.692451
2016-08-23,13.741172
2016-08-24,13.640883
2016-08-25,13.575659
2016-08-26,13.534891
2016-08-29,13.518581
2016-08-30,13.355513
2016-08-31,13.314745
2016-09-01,13.30659
2016-09-02,13.428896
2016-09-06,13.510433
2016-09-07,13.477818
2016-09-08,13.494122
2016-09-09,13.225057
2016-09-12,13.167977
2016-09-13,12.980448
2016-09-14,12.994371
2016-09-15,12.994371
2016-09-16,12.977992
2016-09-19,13.182694
2016-09-20,13.231822
2016-09-21,13.264578
2016-09-22,13.362833
2016-09-23,13.248198
2016-09-26,13.207258
2016-09-27,13.207258
2016-09-28,13.256387
2016-09-29,13.182694
2016-09-30,13.231822
2016-10-03,13.059873
2016-10-04,12.855173
2016-10-05,12.748731
2016-10-06,12.78148
2016-10-07,12.846987
2016-10-11,12.78148
2016-10-12,12.961617
2016-10-13,13.059873
2016-10-14,13.027122
2016-10-17,13.109001
2016-10-18,13.141754
2016-10-19,13.141754
2016-10-20,13.15813
2016-10-21,13.15813
2016-10-24,13.157305
2016-10-25,13.107968
2016-10-26,13.01751
2016-10-27,12.902387
2016-10-28,12.894164
2016-10-31,12.91883
2016-11-01,12.836596
2016-11-02,12.705024
2016-11-03,12.688579
2016-11-04,12.754369
2016-11-07,12.828373
2016-11-08,12.844823
2016-11-09,12.754369
2016-11-10,12.491219
2016-11-11,12.41721
2016-11-14,12.392539
2016-11-15,12.351424
2016-11-16,12.425431
2016-11-17,12.499443
2016-11-18,12.515886
2016-11-21,12.532334
2016-11-22,12.614569
2016-11-23,12.555919
2016-11-24,12.547659
2016-11-25,12.555919
2016-11-28,12.704607
2016-11-29,12.853298
2016-11-30,12.811997
2016-12-01,12.803733
2016-12-02,12.894597
2016-12-05,12.820256
2016-12-06,12.845037
2016-12-07,12.91112
2016-12-08,13.010246
2016-12-09,13.043286
2016-12-12,13.043286
2016-12-13,13.035028
2016-12-14,12.845037
2016-12-15,12.712867
2016-12-16,12.886337
2016-12-19,12.960684
2016-12-20,12.960684
2016-12-21,13.043286
2016-12-22,13.043286
2016-12-23,13.076327
2016-12-28,13.075501
2016-12-29,13.208246
2016-12-30,13.274617
2017-01-03,13.258028
2017-01-04,13.349291
2017-01-05,13.415665
2017-01-06,13.457146
2017-01-09,13.407366
2017-01-10,13.340994
2017-01-11,13.291213
2017-01-12,13.199951
2017-01-13,13.199951
2017-01-16,13.249731
2017-01-17,13.274617
2017-01-18,13.208246
2017-01-19,13.233135
2017-01-20,13.249731
2017-01-23,13.241432
2017-01-24,13.287251
2017-01-25,13.278921
2017-01-26,13.287251
2017-01-27,13.212274
2017-01-30,13.1373
2017-01-31,13.270591
2017-02-01,13.187283
2017-02-02,13.328902
2017-02-03,13.362227
2017-02-06,13.403881
2017-02-07,13.403881
2017-02-08,13.537169
2017-02-09,13.487185
2017-02-10,13.56216
2017-02-13,13.545498
2017-02-14,13.478852
2017-02-15,13.520505
2017-02-16,13.645466
2017-02-17,13.72044
2017-02-21,13.707893
2017-02-22,13.666075
2017-02-23,13.758075
2017-02-24,13.699532
2017-02-27,13.640984
2017-02-28,13.716259
2017-03-01,13.732984
2017-03-02,13.640984
2017-03-03,13.582443
2017-03-06,13.599168
2017-03-07,13.565712
2017-03-08,13.48208
2017-03-09,13.356624
2017-03-10,13.398442
2017-03-13,13.364989
2017-03-14,13.373352
2017-03-15,13.548985
2017-03-16,13.523898
2017-03-17,13.574076
2017-03-20,13.507165
2017-03-21,13.532258
2017-03-22,13.607531
2017-03-23,13.666075
2017-03-24,13.687071
2017-03-27,13.653481
2017-03-28,13.703862
2017-03-29,13.779437
2017-03-30,13.720656
2017-03-31,13.762643
2017-04-03,13.745847
2017-04-04,13.905389
2017-04-05,13.905389
2017-04-06,13.922182
2017-04-07,13.930576
2017-04-10,13.96417
2017-04-11,13.989361
2017-04-12,14.006154
2017-04-13,13.989361
2017-04-17,14.031343
2017-04-18,14.123712
2017-04-19,14.106915
2017-04-20,14.123712
2017-04-21,14.105156
2017-04-24,14.046147
2017-04-25,14.054573
2017-04-26,13.885954
2017-04-27,13.944974
2017-04-28,13.953402
2017-05-01,13.987122
2017-05-02,14.003994
2017-05-03,13.860663
2017-05-04,13.767921
2017-05-05,13.894387
2017-05-08,13.995558
2017-05-09,13.961836
2017-05-10,13.928111
2017-05-11,13.818507
2017-05-12,13.801644
2017-05-15,13.877523
2017-05-16,13.885954
2017-05-17,13.776353
2017-05-18,13.751058
2017-05-19,13.835371
2017-05-23,13.793216
2017-05-24,13.816916
2017-05-25,13.82539
2017-05-26,13.808451
2017-05-29,13.799989
2017-05-30,13.850786
2017-05-31,13.867713
2017-06-01,13.977778
2017-06-02,14.045506
2017-06-05,13.986246
2017-06-06,13.952377
2017-06-07,13.969312
2017-06-08,13.994711
2017-06-09,14.011643
2017-06-12,14.003179
2017-06-13,13.986246
2017-06-14,13.910048
2017-06-15,13.884652
2017-06-16,13.876183
2017-06-19,13.876183
2017-06-20,13.867713
2017-06-21,13.83385
2017-06-22,13.850786
2017-06-23,13.917097
2017-06-26,13.908596
2017-06-27,13.840581
2017-06-28,13.908596
2017-06-29,13.755567
2017-06-30,13.730062
2017-07-04,13.670552
2017-07-05,13.696055
2017-07-06,13.619539
2017-07-07,13.61104
2017-07-10,13.577036
2017-07-11,13.526022
2017-07-12,13.636547
2017-07-13,13.594037
2017-07-14,13.662049
2017-07-17,13.653548
2017-07-18,13.585538
2017-07-19,13.653548
2017-07-20,13.687552
2017-07-21,13.645044
2017-07-24,13.61089
2017-07-25,13.61089
2017-07-26,13.576736
2017-07-27,13.559659
2017-07-28,13.53404
2017-07-31,13.542578
2017-08-01,13.585275
2017-08-02,13.559659
2017-08-03,13.55112
2017-08-04,13.53404
2017-08-08,13.55112
2017-08-09,13.474271
2017-08-10,13.431578
2017-08-11,13.46573
2017-08-14,13.576736
2017-08-15,13.653585
2017-08-16,13.713357
2017-08-17,13.679198
2017-08-18,13.662122
2017-08-21,13.679198
2017-08-22,13.653585
2017-08-23,13.653585
2017-08-24,13.602126
2017-08-25,13.653585
2017-08-28,13.619278
2017-08-29,13.602126
2017-08-30,13.739348
2017-08-31,13.739348
2017-09-01,13.730772
2017-09-05,13.645009
2017-09-06,13.593553
2017-09-07,13.653585
2017-09-08,13.670739
2017-09-11,13.653585
2017-09-12,13.602126
2017-09-13,13.559243
2017-09-14,13.533516
2017-09-15,13.602126
2017-09-18,13.576398
2017-09-19,13.627857
2017-09-20,13.584974
2017-09-21,13.645009
2017-09-22,13.619278
2017-09-25,13.696812
2017-09-26,13.679579
2017-09-27,13.679579
2017-09-28,13.722651
2017-09-29,13.739882
2017-10-02,13.869093
2017-10-03,13.894937
2017-10-04,13.972466
2017-10-05,13.998308
2017-10-06,13.998308
2017-10-10,13.989695
2017-10-11,13.989695
2017-10-12,14.067226
2017-10-13,14.084456
2017-10-16,13.981081
2017-10-17,13.989695
2017-10-18,13.998308
2017-10-19,14.024154
2017-10-20,14.015539
2017-10-23,14.041379
2017-10-24,14.024154
2017-10-25,14.025017
2017-10-26,13.981785
2017-10-27,14.033665
2017-10-30,13.99043
2017-10-31,14.016372
2017-11-01,14.033665
2017-11-02,14.120135
2017-11-03,14.12878
2017-11-06,14.15472
2017-11-07,14.327655
2017-11-08,14.344953
2017-11-09,14.370886
2017-11-10,14.344953
2017-11-13,14.396826
2017-11-14,14.353593
2017-11-15,14.275778
2017-11-16,14.353593
2017-11-17,14.353593
2017-11-20,14.327655
2017-11-21,14.422768
2017-11-22,14.371563
2017-11-23,14.371563
2017-11-24,14.397606
2017-11-27,14.345531
2017-11-28,14.302138
2017-11-29,14.267422
2017-11-30,14.319496
2017-12-01,14.354209
2017-12-04,14.293454
2017-12-05,14.293454
2017-12-06,14.319496
2017-12-07,14.328177
2017-12-08,14.388925
2017-12-11,14.380244
2017-12-12,14.432311
2017-12-13,14.449671
2017-12-14,14.501744
2017-12-15,14.527781
2017-12-18,14.545134
2017-12-19,14.475706
2017-12-20,14.45835
2017-12-21,14.380244
2017-12-22,14.414963
2017-12-27,14.45835
2017-12-28,14.485349
2017-12-29,14.511479
2018-01-02,14.502773
2018-01-03,14.398249
2018-01-04,14.345982
2018-01-05,14.380828
2018-01-08,14.441804
2018-01-09,14.572454
2018-01-10,14.467931
2018-01-11,14.380828
2018-01-12,14.406961
2018-01-15,14.406961
2018-01-16,14.502773
2018-01-17,14.537617
2018-01-18,14.502773
2018-01-19,14.546323
2018-01-22,14.6073
2018-01-23,14.659558
2018-01-24,14.633425
2018-01-25,14.657917
2018-01-26,14.675411
2018-01-29,14.561713
2018-01-30,14.42178
2018-01-31,14.526731
2018-02-01,14.404287
2018-02-02,14.194393
2018-02-05,14.124425
2018-02-06,14.080695
2018-02-07,14.133169
2018-02-08,14.028222
2018-02-09,13.993237
2018-02-12,14.07195
2018-02-13,14.080695
2018-02-14,14.115679
2018-02-15,14.430527
2018-02-16,14.535475
2018-02-20,14.465513
2018-02-21,14.37805
2018-02-22,14.349949
2018-02-23,14.349949
2018-02-26,14.464114
2018-02-27,14.420208
2018-02-28,14.385075
2018-03-01,14.341169
2018-03-02,14.349949
2018-03-05,14.402646
2018-03-06,14.481677
2018-03-07,14.534376
2018-03-08,14.551938
2018-03-09,14.551938
2018-03-12,14.543157
2018-03-13,14.534376
2018-03-14,14.51681
2018-03-15,14.508027
2018-03-16,14.349949
2018-03-19,14.446551
2018-03-20,14.51681
2018-03-21,14.525595
2018-03-22,14.543157
2018-03-23,14.470842
2018-03-26,14.479666
2018-03-27,14.453209
2018-03-28,14.647215
2018-03-29,14.691303
2018-04-02,14.708942
2018-04-03,14.664846
2018-04-04,14.594301
2018-04-05,14.682485
2018-04-06,14.620757
2018-04-09,14.664846
2018-04-10,14.647215
2018-04-11,14.629576
2018-04-12,14.576666
2018-04-13,14.603119
2018-04-16,14.682485
2018-04-17,14.708942
2018-04-18,14.717759
2018-04-19,14.673667
2018-04-20,14.664846
2018-04-23,14.647215
2018-04-24,14.519723
2018-04-25,14.422333
2018-04-26,14.555134
2018-04-27,14.661374
2018-04-30,14.679086
2018-05-01,14.732204
2018-05-02,14.705647
2018-05-03,14.643672
2018-05-04,14.741057
2018-05-07,14.87386
2018-05-08,14.909274
2018-05-09,14.918133
2018-05-10,15.033221
2018-05-11,15.130609
2018-05-14,15.059786
2018-05-15,14.997813
2018-05-16,14.971249
2018-05-17,14.935835
2018-05-18,15.033221
2018-05-22,15.033221
2018-05-23,15.121764
2018-05-24,15.166021
2018-05-25,15.206909
2018-05-28,15.189131
2018-05-29,15.144691
2018-05-30,15.198021
2018-05-31,15.135808
2018-06-01,15.215801
2018-06-04,15.251347
2018-06-05,15.31356
2018-06-06,15.278011
2018-06-07,15.23357
2018-06-08,15.260236
2018-06-11,15.206909
2018-06-12,15.269126
2018-06-13,15.18025
2018-06-14,15.224679
2018-06-15,15.340225
2018-06-18,15.464653
2018-06-19,15.411323
2018-06-20,15.402439
2018-06-21,15.402439
2018-06-22,15.420215
2018-06-25,15.363113
2018-06-26,15.363113
2018-06-27,15.282822
2018-06-28,15.380961
2018-06-29,15.363113
2018-07-03,15.532625
2018-07-04,15.496943
2018-07-05,15.54155
2018-07-06,15.586158
2018-07-09,15.559395
2018-07-10,15.568316
2018-07-11,15.505866
2018-07-12,15.568316
2018-07-13,15.532625
2018-07-16,15.532625
2018-07-17,15.586158
2018-07-18,15.505866
2018-07-19,15.559395
2018-07-20,15.407727
2018-07-23,15.514785
2018-07-24,15.380961
2018-07-25,15.469642
2018-07-26,15.442768
2018-07-27,15.415895
2018-07-30,15.433805
2018-07-31,15.559218
2018-08-01,15.568173
2018-08-02,15.621919
2018-08-03,15.810023
2018-08-07,15.604
2018-08-08,15.68462
2018-08-09,15.69358
2018-08-10,15.621919
2018-08-13,15.711493
2018-08-14,15.827943
2018-08-15,15.89064
2018-08-16,15.944386
2018-08-17,16.051878
2018-08-20,16.087706
2018-08-21,16.123533
2018-08-22,16.060837
2018-08-23,15.989176
2018-08-24,15.926476
2018-08-27,15.970538
2018-08-28,15.979525
2018-08-29,15.925571
2018-08-30,15.925571
2018-08-31,15.934564
2018-09-04,15.871622
2018-09-05,15.916581
2018-09-06,15.961545
2018-09-07,15.988521
2018-09-10,16.024494
2018-09-11,16.159378
2018-09-12,16.231318
2018-09-13,16.31225
2018-09-14,16.339228
2018-09-17,16.375195
2018-09-18,16.213329
2018-09-19,16.086056
2018-09-20,16.058977
2018-09-21,16.16729
2018-09-24,16.131187
2018-09-25,16.140209
2018-09-26,15.959675
2018-09-27,15.878431
2018-09-28,15.851352
2018-10-01,15.806214
2018-10-02,15.788166
2018-10-03,15.706913
2018-10-04,15.562483
2018-10-05,15.472217
2018-10-09,15.481243
2018-10-10,15.291682
2018-10-11,15.210437
2018-10-12,15.255569
2018-10-15,15.291682
2018-10-16,15.400002
2018-10-17,15.418059
2018-10-18,15.363894
2018-10-19,15.54443
2018-10-22,15.54443
2018-10-23,15.517358
2018-10-24,15.499297
2018-10-25,15.55277
2018-10-26,15.570902
2018-10-29,15.43495
2018-10-30,15.598089
2018-10-31,15.598089
2018-11-01,15.815614
2018-11-02,15.398692
2018-11-05,15.625278
2018-11-06,15.788418
2018-11-07,15.860929
2018-11-08,15.906245
2018-11-09,15.978751
2018-11-12,16.024071
2018-11-13,16.015005
2018-11-14,15.978751
2018-11-15,15.888122
2018-11-16,15.86999
2018-11-19,15.761231
2018-11-20,15.67966
2018-11-21,15.761231
2018-11-22,15.734041
2018-11-23,15.770289
2018-11-26,15.661534
2018-11-27,15.706121
2018-11-28,15.842618
2018-11-29,15.87902
2018-11-30,15.915421
2018-12-03,15.824419
2018-12-04,15.760723
2018-12-05,15.851715
2018-12-06,16.03372
2018-12-07,16.04281
2018-12-10,15.970014
2018-12-11,15.960914
2018-12-12,15.78802
2018-12-13,15.815319
2018-12-14,15.888118
2018-12-17,15.487728
2018-12-18,15.697026
2018-12-19,15.560525
2018-12-20,15.424035
2018-12-21,15.278439
2018-12-24,15.060041
2018-12-27,15.232933
2018-12-28,15.286844
2018-12-31,15.341673
2019-01-02,15.305121
2019-01-03,15.204608
2019-01-04,15.241163
2019-01-07,15.423905
2019-01-08,15.579242
2019-01-09,15.707166
2019-01-10,15.807674
2019-01-11,15.963008
2019-01-14,16.026972
2019-01-15,16.008707
2019-01-16,16.118349
2019-01-17,16.081799
2019-01-18,16.072662
2019-01-21,16.100077
2019-01-22,16.081799
2019-01-23,16.136625
2019-01-24,16.255417
2019-01-25,16.366413
2019-01-28,16.467331
2019-01-29,16.421455
2019-01-30,16.467331
2019-01-31,16.49485
2019-02-01,16.467331
2019-02-04,16.513193
2019-02-05,16.650803
2019-02-06,16.724199
2019-02-07,16.815935
2019-02-08,16.806765
2019-02-11,16.825111
2019-02-12,16.770069
2019-02-13,16.669153
2019-02-14,16.870981
2019-02-15,16.788414
2019-02-19,16.815935
2019-02-20,16.843464
2019-02-21,16.907677
2019-02-22,16.88097
2019-02-25,16.88097
2019-02-26,16.927023
2019-02-27,16.917818
2019-02-28,17.111208
2019-03-01,17.055952
2019-03-04,17.083586
2019-03-05,17.240145
2019-03-06,17.28619
2019-03-07,17.323029
2019-03-08,17.267769
2019-03-11,17.24935
2019-03-12,17.24935
2019-03-13,17.194096
2019-03-14,17.129627
2019-03-15,17.184887
2019-03-18,17.230938
2019-03-19,17.28619
2019-03-20,17.359871
2019-03-21,17.534849
2019-03-22,17.608522
2019-03-25,17.664915
2019-03-26,17.674154
2019-03-27,17.720371
2019-03-28,17.757349
2019-03-29,17.738857
2019-04-01,17.701881
2019-04-02,17.627932
2019-04-03,17.692642
2019-04-04,17.600204
2019-04-05,17.544737
2019-04-08,17.535496
2019-04-09,17.51701
2019-04-10,17.637178
2019-04-11,17.581715
2019-04-12,17.609447
2019-04-15,17.51701
2019-04-16,17.248938
2019-04-17,17.110277
2019-04-18,17.239695
2019-04-22,17.110277
2019-04-23,17.064056
2019-04-24,17.068703
2019-04-25,17.031597
2019-04-26,17.170738
2019-04-29,17.198572
2019-04-30,17.14291
2019-05-01,17.14291
2019-05-02,17.068703
2019-05-03,17.105806
2019-05-06,17.217125
2019-05-07,17.244955
2019-05-08,17.207851
2019-05-09,17.217125
2019-05-10,17.365549
2019-05-13,17.513975
2019-05-14,17.513975
2019-05-15,17.504698
2019-05-16,17.634565
2019-05-17,17.569632
2019-05-21,17.643841
2019-05-22,17.690222
2019-05-23,17.671673
2019-05-24,17.648397
2019-05-27,17.750788
2019-05-28,17.536701
2019-05-29,17.434307
2019-05-30,17.425001
2019-05-31,17.415695
2019-06-03,17.443621
2019-06-04,17.359848
2019-06-05,17.499468
2019-06-06,17.629789
2019-06-07,17.694941
2019-06-10,17.71356
2019-06-11,17.611168
2019-06-12,17.620476
2019-06-13,17.704252
2019-06-14,17.676327
2019-06-17,17.732174
2019-06-18,17.85318
2019-06-19,17.811153
2019-06-20,17.74577
2019-06-21,17.773796
2019-06-24,17.783134
2019-06-25,17.736429
2019-06-26,17.39086
2019-06-27,17.437555
2019-06-28,17.428217
2019-07-02,17.558977
2019-07-03,17.820494
2019-07-04,17.792469
2019-07-05,17.755112
2019-07-08,17.773796
2019-07-09,17.829834
2019-07-10,17.867191
2019-07-11,17.764452
2019-07-12,17.727091
2019-07-15,17.699076
2019-07-16,17.605675
2019-07-17,17.63369
2019-07-18,17.624353
2019-07-19,17.615011
2019-07-22,17.63369
2019-07-23,17.783134
2019-07-24,17.773796
2019-07-25,17.711945
2019-07-26,17.758801
2019-07-29,17.768171
2019-07-30,17.721312
2019-07-31,17.693195
2019-08-01,17.796282
2019-08-02,17.77754
2019-08-06,17.693195
2019-08-07,17.955597
2019-08-08,17.955597
2019-08-09,17.899368
2019-08-12,17.927481
2019-08-13,18.049311
2019-08-14,17.946224
2019-08-15,18.030567
2019-08-16,18.124285
2019-08-19,18.274221
2019-08-20,18.321081
2019-08-21,18.274221
2019-08-22,18.246113
2019-08-23,18.039938
2019-08-26,18.109524
2019-08-27,18.222349
2019-08-28,18.306974
2019-08-29,18.31638
2019-08-30,18.419807
2019-09-03,18.551443
2019-09-04,18.589058
2019-09-05,18.466822
2019-09-06,18.372793
2019-09-09,18.31638
2019-09-10,18.203548
2019-09-11,18.184744
2019-09-12,18.165939
2019-09-13,18.165939
2019-09-16,18.410402
2019-09-17,18.607861
2019-09-18,18.645473
2019-09-19,18.701885
2019-09-20,18.824121
2019-09-23,18.78651
2019-09-24,18.818583
2019-09-25,18.931778
2019-09-26,19.00724
2019-09-27,18.922342
2019-09-30,18.894049
2019-10-01,18.733688
2019-10-02,18.761982
2019-10-03,18.988371
2019-10-04,19.111002
2019-10-07,19.252495
2019-10-08,19.290228
2019-10-09,19.346823
2019-10-10,19.243063
2019-10-11,19.03554
2019-10-15,19.03554
2019-10-16,18.997808
2019-10-17,18.969507
2019-10-18,18.912914
2019-10-21,18.894049
2019-10-22,18.894049
2019-10-23,18.799715
2019-10-24,18.828016
2019-10-25,18.773134
2019-10-28,18.678514
2019-10-29,18.602814
2019-10-30,18.716362
2019-10-31,18.820444
2019-11-01,18.952919
2019-11-04,18.792063
2019-11-05,18.640663
2019-11-06,18.792063
2019-11-07,18.725824
2019-11-08,18.66905
2019-11-11,18.687977
2019-11-12,18.593351
2019-11-13,18.687977
2019-11-14,18.877218
2019-11-15,18.990765
2019-11-18,19.104317
2019-11-19,18.981306
2019-11-20,18.971844
2019-11-21,18.896147
2019-11-22,18.952919
2019-11-25,19.028616
2019-11-26,18.99255
2019-11-27,19.125431
2019-11-28,19.172888
2019-11-29,19.153906
2019-12-02,19.049496
2019-12-03,19.077972
2019-12-04,19.030516
2019-12-05,19.229834
2019-12-06,19.172888
2019-12-09,19.23933
2019-12-10,19.305771
2019-12-11,18.783735
2019-12-12,18.432552
2019-12-13,18.404072
2019-12-16,18.508482
2019-12-17,18.517971
2019-12-18,18.603397
2019-12-19,18.726786
2019-12-20,18.774244
2019-12-23,18.660345
2019-12-24,18.726786
2019-12-27,18.840683
2019-12-30,18.771551
2019-12-31,18.71394
2020-01-02,18.349072
2020-01-03,18.627523
2020-01-06,18.521902
2020-01-07,18.65633
2020-01-08,18.598721
2020-01-09,18.685137
2020-01-10,18.771551
2020-01-13,18.857965
2020-01-14,18.867567
2020-01-15,19.155624
2020-01-16,19.424475
2020-01-17,19.453279
2020-01-20,19.424475
2020-01-21,19.558901
2020-01-22,19.693325
2020-01-23,19.731733
2020-01-24,19.654917
2020-01-27,19.657806
2020-01-28,19.590391
2020-01-29,19.638544
2020-01-30,19.648176
2020-01-31,19.542231
2020-02-03,19.696337
2020-02-04,19.551861
2020-02-05,19.619284
2020-02-06,19.80228
2020-02-07,19.917858
2020-02-10,19.956383
2020-02-11,19.946753
2020-02-12,20.033436
2020-02-13,20.091225
2020-02-14,20.235697
2020-02-18,20.360905
2020-02-19,20.312748
2020-02-20,20.505377
2020-02-21,20.43796
2020-02-24,20.218672
2020-02-25,20.025469
2020-02-26,19.899885
2020-02-27,19.610083
2020-02-28,18.856594
2020-03-02,19.407219
2020-03-03,19.581104
2020-03-04,20.199352
2020-03-05,20.09309
2020-03-06,19.774303
2020-03-09,18.479845
2020-03-10,18.586109
2020-03-11,17.707035
2020-03-12,16.161413
2020-03-13,16.702381
2020-03-16,14.789675
2020-03-17,14.866955
2020-03-18,12.799685
2020-03-19,12.577501
2020-03-20,12.819005
2020-03-23,10.954598
2020-03-24,11.997892
2020-03-25,13.078549
2020-03-26,13.369831
2020-03-27,13.437796
2020-03-30,13.418376
2020-03-31,13.748496
2020-04-01,12.942616
2020-04-02,13.117385
2020-04-03,12.991164
2020-04-06,13.398958
2020-04-07,13.806753
2020-04-08,14.641761
2020-04-09,14.933043
2020-04-13,14.389316
2020-04-14,14.534958
2020-04-15,14.263094
2020-04-16,14.117454
2020-04-17,14.554377
2020-04-20,14.554377
2020-04-21,13.903845
2020-04-22,13.884427
2020-04-23,13.709659
2020-04-24,13.961375
2020-04-27,14.654078
2020-04-28,14.761396
2020-04-29,14.878473
2020-04-30,14.595538
2020-05-01,14.254065
2020-05-04,13.980886
2020-05-05,14.127233
2020-05-06,14.068694
2020-05-07,14.127233
2020-05-08,14.341872
2020-05-11,14.185771
2020-05-12,13.697951
2020-05-13,13.385749
2020-05-14,13.580875
2020-05-15,13.610145
2020-05-19,14.010157
2020-05-20,14.010157
2020-05-21,14.078451
2020-05-22,14.037278
2020-05-25,14.399974
2020-05-26,14.625433
2020-05-27,14.429382
2020-05-28,14.409777
2020-05-29,14.272542
2020-06-01,14.30195
2020-06-02,14.194121
2020-06-03,14.635237
2020-06-04,14.831287
2020-06-05,15.390034
2020-06-08,15.83115
2020-06-09,15.429244
2020-06-10,15.135166
2020-06-11,14.566617
2020-06-12,15.017536
2020-06-15,15.242997
2020-06-16,15.321416
2020-06-17,15.135166
2020-06-18,14.997931
2020-06-19,14.743065
2020-06-22,14.743065
2020-06-23,14.811682
2020-06-24,14.563541
2020-06-25,14.642316
2020-06-26,14.455226
2020-06-29,14.484766
2020-06-30,14.701398
2020-07-02,15.036192
2020-07-03,14.868794
2020-07-06,14.829408
2020-07-07,14.740786
2020-07-08,14.69155
2020-07-09,14.504459
2020-07-10,14.543848
2020-07-13,14.632468
2020-07-14,14.524153
2020-07-15,14.947569
2020-07-16,14.849101
2020-07-17,14.81956
2020-07-20,14.780172
2020-07-21,14.612776
2020-07-22,14.79002
2020-07-23,14.612776
2020-07-24,14.553694
2020-07-27,14.541832
2020-07-28,14.759316
2020-07-29,14.887832
2020-07-30,15.016343
2020-07-31,14.877945
2020-08-04,14.828516
2020-08-05,14.887832
2020-08-06,14.927373
2020-08-07,14.937259
2020-08-10,15.095429
2020-08-11,15.194286
2020-08-12,15.115201
2020-08-13,14.937259
2020-08-14,14.81863
2020-08-17,14.877945
2020-08-18,14.848288
2020-08-19,14.729659
2020-08-20,14.986687
2020-08-21,14.877945
2020-08-24,14.937259
2020-08-25,14.865807
2020-08-26,14.826113
2020-08-27,14.855885
2020-08-28,14.905503
2020-08-31,14.597866
2020-09-01,14.60779
2020-09-02,14.697104
2020-09-03,14.617713
2020-09-04,14.488705
2020-09-08,14.548246
2020-09-09,14.568095
2020-09-10,14.419238
2020-09-11,14.399391
2020-09-14,14.597866
2020-09-15,14.796341
2020-09-16,14.905503
2020-09-17,14.845961
2020-09-18,14.697104
2020-09-21,14.44901
2020-09-22,14.429162
2020-09-23,14.121524
2020-09-24,14.179317
2020-09-25,14.328784
2020-09-28,14.47825
2020-09-29,14.358677
2020-09-30,14.47825
2020-10-01,14.637679
2020-10-02,14.657609
2020-10-05,14.627716
2020-10-06,14.687502
2020-10-07,14.617751
2020-10-08,14.767217
2020-10-09,14.707431
2020-10-13,14.637679
2020-10-14,14.438392
2020-10-15,14.508143
2020-10-16,14.398535
2020-10-19,14.348712
2020-10-20,14.348712
2020-10-21,14.448357
2020-10-22,14.458322
2020-10-23,14.548
2020-10-26,14.32
2020-10-27,14.23
2020-10-28,13.95
2020-10-29,14.11
2020-10-30,14.13
2020-11-02,14.25
2020-11-03,14.43
2020-11-04,14.6
2020-11-05,14.63
2020-11-06,14.64
2020-11-09,15.71
2020-11-10,15.93
2020-11-11,16.17
2020-11-12,15.9
2020-11-13,16.08
2020-11-16,16.459999
